timestamp,regime,dd,slope,gate,action,strength,source_file
2026-01-13 09:05:30,neutral,-0.04,3.418,1.15,HOLD,0.0,app-2026-01-13.log
2026-01-13 09:08:30,good,0.0,4.3692,1.34,HOLD,0.0,app-2026-01-13.log
2026-01-13 09:31:19,neutral,0.0,5.3173,0.93,HOLD,0.0,app-2026-01-13.log
2026-01-13 09:34:18,good,0.0,11.1594,1.5,HOLD,0.0,app-2026-01-13.log
2026-01-13 09:37:18,good,-0.57,9.4218,0.5,HOLD,0.0,app-2026-01-13.log
2026-01-13 09:40:18,good,-1.19,2.3489,0.5,HOLD,0.0,app-2026-01-13.log
2026-01-13 09:43:18,good,-0.94,0.0729,1.44,HOLD,0.0,app-2026-01-13.log
2026-01-13 09:46:18,good,-0.69,0.1414,1.44,HOLD,0.0,app-2026-01-13.log
2026-01-13 09:49:18,good,-0.34,4.606,1.48,HOLD,0.0,app-2026-01-13.log
2026-01-13 09:52:18,good,-0.44,6.8729,0.73,HOLD,0.0,app-2026-01-13.log
2026-01-13 09:55:18,good,-0.69,5.9692,0.56,HOLD,0.0,app-2026-01-13.log
2026-01-13 09:58:18,good,-0.24,10.4707,1.49,HOLD,0.0,app-2026-01-13.log
2026-01-13 10:01:18,good,-0.09,12.8872,1.29,HOLD,0.0,app-2026-01-13.log
2026-01-13 10:04:18,good,0.0,17.1752,1.27,HOLD,0.0,app-2026-01-13.log
2026-01-13 10:07:18,good,0.0,23.8511,1.38,HOLD,0.0,app-2026-01-13.log
2026-01-13 10:10:18,good,-0.13,27.9662,0.67,HOLD,0.0,app-2026-01-13.log
2026-01-13 10:13:18,good,-0.12,31.918,0.94,HOLD,0.0,app-2026-01-13.log
2026-01-13 10:16:18,good,-0.07,35.6256,1.05,HOLD,0.0,app-2026-01-13.log
2026-01-13 10:19:18,good,-0.31,35.4368,0.56,HOLD,0.0,app-2026-01-13.log
2026-01-13 10:22:18,good,-0.5,32.9684,0.61,HOLD,0.0,app-2026-01-13.log
2026-01-13 10:25:18,good,-0.6,29.4113,0.73,HOLD,0.0,app-2026-01-13.log
2026-01-13 10:28:18,good,-0.58,26.8218,1.01,HOLD,0.0,app-2026-01-13.log
2026-01-13 10:31:18,good,-0.26,27.2887,1.44,HOLD,0.0,app-2026-01-13.log
2026-01-13 10:34:18,good,-0.48,30.9707,0.59,HOLD,0.0,app-2026-01-13.log
2026-01-13 10:37:18,good,-0.4,29.0737,1.13,HOLD,0.0,app-2026-01-13.log
2026-01-13 10:40:18,good,-0.32,20.3248,1.13,HOLD,0.0,app-2026-01-13.log
2026-01-13 10:43:18,good,-0.26,13.7504,1.08,HOLD,0.0,app-2026-01-13.log
2026-01-13 10:46:18,good,-0.18,9.9083,1.14,HOLD,0.0,app-2026-01-13.log
2026-01-13 10:49:18,good,-0.27,8.2977,0.74,HOLD,0.0,app-2026-01-13.log
2026-01-13 10:52:22,good,-0.38,4.0759,0.73,HOLD,0.0,app-2026-01-13.log
2026-01-13 10:55:18,good,-0.39,-3.5368,0.95,HOLD,0.0,app-2026-01-13.log
2026-01-13 10:58:18,good,-0.54,-8.2383,0.66,HOLD,0.0,app-2026-01-13.log
2026-01-13 11:01:18,good,-0.52,-10.9316,1.03,HOLD,0.0,app-2026-01-13.log
2026-01-13 11:04:18,good,-0.46,-11.1714,1.11,HOLD,0.0,app-2026-01-13.log
2026-01-13 11:07:18,good,-0.42,-8.0729,1.06,HOLD,0.0,app-2026-01-13.log
2026-01-13 11:10:18,good,-0.42,-5.9812,0.97,HOLD,0.0,app-2026-01-13.log
2026-01-13 11:13:18,good,-0.39,-3.2203,1.04,HOLD,0.0,app-2026-01-13.log
2026-01-13 11:16:18,good,-0.31,1.2511,1.15,HOLD,0.0,app-2026-01-13.log
2026-01-13 11:19:18,good,-0.27,3.6211,1.07,HOLD,0.0,app-2026-01-13.log
2026-01-13 11:22:18,good,-0.24,4.0827,1.03,HOLD,0.0,app-2026-01-13.log
2026-01-13 11:25:18,good,-0.48,0.6218,0.59,HOLD,0.0,app-2026-01-13.log
2026-01-13 11:28:18,good,-0.64,-4.4075,0.67,HOLD,0.0,app-2026-01-13.log
2026-01-13 13:01:22,good,-0.53,-4.5789,1.21,HOLD,0.0,app-2026-01-13.log
2026-01-13 13:04:22,good,-0.34,-4.9361,1.35,HOLD,0.0,app-2026-01-13.log
2026-01-13 13:07:22,good,-0.43,-5.5323,0.76,HOLD,0.0,app-2026-01-13.log
2026-01-13 13:10:22,good,-0.54,-6.288,0.74,HOLD,0.0,app-2026-01-13.log
2026-01-13 13:13:22,good,-0.64,-7.2511,0.75,HOLD,0.0,app-2026-01-13.log
2026-01-13 13:16:22,good,-0.73,-7.7842,0.78,HOLD,0.0,app-2026-01-13.log
2026-01-13 13:19:22,good,-0.9,-10.5632,0.67,HOLD,0.0,app-2026-01-13.log
2026-01-13 13:22:22,good,-0.86,-13.4789,1.08,HOLD,0.0,app-2026-01-13.log
2026-01-13 13:25:22,good,-1.0,-17.394,0.71,HOLD,0.0,app-2026-01-13.log
2026-01-13 13:28:22,good,-1.08,-23.3278,0.82,HOLD,0.0,app-2026-01-13.log
2026-01-13 13:31:22,good,-1.1,-28.5774,0.96,HOLD,0.0,app-2026-01-13.log
2026-01-13 13:34:22,good,-0.95,-30.8985,1.34,HOLD,0.0,app-2026-01-13.log
2026-01-13 13:37:18,good,-1.13,-34.0398,0.63,HOLD,0.0,app-2026-01-13.log
2026-01-13 13:40:18,good,-1.07,-35.7331,1.15,HOLD,0.0,app-2026-01-13.log
2026-01-13 13:43:18,good,-0.87,-34.2729,1.42,HOLD,0.0,app-2026-01-13.log
2026-01-13 13:46:18,good,-0.85,-31.1534,1.05,HOLD,0.0,app-2026-01-13.log
2026-01-13 13:49:18,good,-0.81,-26.5504,1.13,HOLD,0.0,app-2026-01-13.log
2026-01-13 13:52:18,good,-0.76,-20.5917,1.14,HOLD,0.0,app-2026-01-13.log
2026-01-13 13:55:18,good,-0.69,-15.9827,1.22,HOLD,0.0,app-2026-01-13.log
2026-01-13 13:58:18,good,-0.66,-12.6692,1.13,HOLD,0.0,app-2026-01-13.log
2026-01-13 14:01:18,good,-0.67,-8.1812,0.98,HOLD,0.0,app-2026-01-13.log
2026-01-13 14:04:22,good,-0.71,-1.709,0.88,HOLD,0.0,app-2026-01-13.log
2026-01-13 14:07:22,good,-0.84,2.6556,0.62,HOLD,0.0,app-2026-01-13.log
2026-01-13 14:10:22,good,-0.85,6.1857,1.04,HOLD,0.0,app-2026-01-13.log
2026-01-13 14:13:22,good,-0.99,7.2699,0.59,HOLD,0.0,app-2026-01-13.log
2026-01-13 14:16:22,good,-1.08,6.7714,0.74,HOLD,0.0,app-2026-01-13.log
2026-01-13 14:19:23,good,-1.1,4.4872,0.96,HOLD,0.0,app-2026-01-13.log
2026-01-13 14:22:22,good,-1.07,3.1992,1.18,HOLD,0.0,app-2026-01-13.log
2026-01-13 14:25:22,good,-1.02,1.0752,1.25,HOLD,0.0,app-2026-01-13.log
2026-01-13 14:28:22,good,-1.0,-1.7639,1.13,HOLD,0.0,app-2026-01-13.log
2026-01-13 14:31:22,good,-1.12,-6.2045,0.61,HOLD,0.0,app-2026-01-13.log
2026-01-13 14:34:22,good,-1.27,-10.4444,0.56,HOLD,0.0,app-2026-01-13.log
2026-01-13 14:37:22,good,-1.26,-16.2992,1.11,HOLD,0.0,app-2026-01-13.log
2026-01-13 14:40:22,good,-1.35,-22.282,0.68,HOLD,0.0,app-2026-01-13.log
2026-01-13 14:43:22,good,-1.48,-26.9805,0.6,HOLD,0.0,app-2026-01-13.log
2026-01-13 14:46:22,good,-1.54,-31.3835,0.83,HOLD,0.0,app-2026-01-13.log
2026-01-13 14:49:22,good,-1.67,-35.9113,0.61,HOLD,0.0,app-2026-01-13.log
2026-01-13 14:52:22,good,-1.72,-39.4459,0.9,HOLD,0.0,app-2026-01-13.log
2026-01-13 14:55:22,good,-1.61,-39.9135,1.43,HOLD,0.0,app-2026-01-13.log
2026-01-13 14:58:22,good,-1.6,-38.9143,1.13,HOLD,0.0,app-2026-01-13.log
2026-01-14 09:31:39,neutral,-1.62,-37.2391,0.98,HOLD,0.0,app-2026-01-14.log
2026-01-14 09:34:39,neutral,-0.56,-23.7759,1.5,HOLD,0.0,app-2026-01-14.log
2026-01-14 09:37:39,neutral,-0.46,-10.9353,1.26,HOLD,0.0,app-2026-01-14.log
2026-01-14 09:40:39,neutral,-0.45,1.5338,1.02,HOLD,0.0,app-2026-01-14.log
2026-01-14 09:43:40,good,0.0,17.8271,1.5,HOLD,0.0,app-2026-01-14.log
2026-01-14 09:47:19,good,0.0,34.0038,1.36,HOLD,0.0,app-2026-01-14.log
2026-01-14 09:50:19,good,0.0,48.7586,1.06,HOLD,0.0,app-2026-01-14.log
2026-01-14 09:52:40,good,-0.19,60.2271,0.62,HOLD,0.0,app-2026-01-14.log
2026-01-14 09:56:19,good,0.0,73.7241,1.42,HOLD,0.0,app-2026-01-14.log
2026-01-14 09:59:19,good,-0.39,81.6805,0.52,HOLD,0.0,app-2026-01-14.log
2026-01-14 10:02:19,good,0.0,91.4143,1.47,HOLD,0.0,app-2026-01-14.log
2026-01-14 10:05:19,good,0.0,97.9887,1.03,HOLD,0.0,app-2026-01-14.log
2026-01-14 10:08:19,good,0.0,104.4797,1.29,HOLD,0.0,app-2026-01-14.log
2026-01-14 10:11:19,good,0.0,108.1842,1.03,HOLD,0.0,app-2026-01-14.log
2026-01-14 10:14:19,good,0.0,108.6429,1.05,HOLD,0.0,app-2026-01-14.log
2026-01-14 10:17:19,good,0.0,105.9466,0.93,HOLD,0.0,app-2026-01-14.log
2026-01-14 10:20:19,good,-0.06,98.6113,0.8,HOLD,0.0,app-2026-01-14.log
2026-01-14 10:23:19,good,-0.1,87.7391,0.84,HOLD,0.0,app-2026-01-14.log
2026-01-14 10:26:19,good,-0.22,74.2241,0.69,HOLD,0.0,app-2026-01-14.log
2026-01-14 10:29:19,good,0.0,61.2263,1.39,HOLD,0.0,app-2026-01-14.log
2026-01-14 10:32:20,good,0.0,45.7556,1.0,HOLD,0.0,app-2026-01-14.log
2026-01-14 10:35:19,good,0.0,40.4714,1.03,HOLD,0.0,app-2026-01-14.log
2026-01-14 10:38:19,good,0.0,36.1323,1.18,HOLD,0.0,app-2026-01-14.log
2026-01-14 10:41:19,good,0.0,32.282,1.29,HOLD,0.0,app-2026-01-14.log
2026-01-14 10:44:19,good,0.0,34.9429,1.24,HOLD,0.0,app-2026-01-14.log
2026-01-14 10:46:38,good,0.0,39.7602,1.14,HOLD,0.0,app-2026-01-14.log
2026-01-14 10:49:38,good,-0.12,42.4812,0.68,HOLD,0.0,app-2026-01-14.log
2026-01-14 10:53:19,good,-0.04,42.7707,1.09,HOLD,0.0,app-2026-01-14.log
2026-01-14 10:56:19,good,-0.18,43.2,0.65,HOLD,0.0,app-2026-01-14.log
2026-01-14 10:59:19,good,-0.21,37.7353,0.84,HOLD,0.0,app-2026-01-14.log
2026-01-14 11:02:19,good,-0.23,35.6,0.88,HOLD,0.0,app-2026-01-14.log
2026-01-14 11:05:19,good,0.0,35.4278,1.35,HOLD,0.0,app-2026-01-14.log
2026-01-14 11:08:19,good,-0.03,35.8579,0.84,HOLD,0.0,app-2026-01-14.log
2026-01-14 11:10:42,good,0.0,36.7323,1.08,HOLD,0.0,app-2026-01-14.log
2026-01-14 11:13:38,good,-0.12,35.9594,0.67,HOLD,0.0,app-2026-01-14.log
2026-01-14 11:16:38,good,-0.28,32.8075,0.64,HOLD,0.0,app-2026-01-14.log
2026-01-14 11:19:38,good,-0.25,28.6707,0.95,HOLD,0.0,app-2026-01-14.log
2026-01-14 11:22:38,good,-0.23,23.7496,0.96,HOLD,0.0,app-2026-01-14.log
2026-01-14 11:25:38,good,-0.29,15.9586,0.77,HOLD,0.0,app-2026-01-14.log
2026-01-14 11:28:38,good,-0.46,8.6789,0.63,HOLD,0.0,app-2026-01-14.log
2026-01-14 13:01:39,good,-0.35,2.6722,1.13,HOLD,0.0,app-2026-01-14.log
2026-01-14 13:04:38,good,-0.89,-8.7917,0.51,HOLD,0.0,app-2026-01-14.log
2026-01-14 13:07:38,good,-0.9,-18.6902,0.88,HOLD,0.0,app-2026-01-14.log
2026-01-14 13:10:38,good,-1.21,-29.2962,0.55,HOLD,0.0,app-2026-01-14.log
2026-01-14 13:13:38,good,-1.39,-38.9662,0.64,HOLD,0.0,app-2026-01-14.log
2026-01-14 13:16:38,good,-1.46,-46.6308,0.8,HOLD,0.0,app-2026-01-14.log
2026-01-14 13:19:38,good,-1.84,-58.2835,0.53,HOLD,0.0,app-2026-01-14.log
2026-01-14 13:22:38,good,-1.57,-64.1662,1.37,HOLD,0.0,app-2026-01-14.log
2026-01-14 13:25:38,good,-1.63,-70.7068,0.82,HOLD,0.0,app-2026-01-14.log
2026-01-14 13:28:38,good,-1.7,-76.8211,0.8,HOLD,0.0,app-2026-01-14.log
2026-01-14 13:31:38,good,-1.62,-80.703,1.08,HOLD,0.0,app-2026-01-14.log
2026-01-14 13:34:38,good,-1.45,-78.4752,1.34,HOLD,0.0,app-2026-01-14.log
2026-01-14 13:37:38,good,-1.72,-77.8331,0.56,HOLD,0.0,app-2026-01-14.log
2026-01-14 13:40:38,good,-1.58,-72.9271,1.28,HOLD,0.0,app-2026-01-14.log
2026-01-14 13:43:38,good,-1.79,-69.9647,0.59,HOLD,0.0,app-2026-01-14.log
2026-01-14 13:46:38,good,-1.78,-66.8541,1.05,HOLD,0.0,app-2026-01-14.log
2026-01-14 13:49:38,good,-1.87,-62.7504,0.79,HOLD,0.0,app-2026-01-14.log
2026-01-14 13:52:39,good,-1.98,-57.6451,0.74,HOLD,0.0,app-2026-01-14.log
2026-01-14 13:56:19,good,-1.99,-51.3887,1.02,HOLD,0.0,app-2026-01-14.log
2026-01-14 13:59:19,good,-2.16,-47.006,0.63,HOLD,0.3,app-2026-01-14.log
2026-01-14 14:02:19,good,-2.43,-42.3759,0.54,HOLD,0.0,app-2026-01-14.log
2026-01-14 14:05:19,good,-2.37,-41.0504,1.23,HOLD,0.0,app-2026-01-14.log
2026-01-14 14:08:19,good,-2.35,-38.1008,1.12,HOLD,0.0,app-2026-01-14.log
2026-01-14 14:10:38,good,-2.62,-40.094,0.55,HOLD,0.0,app-2026-01-14.log
2026-01-14 14:13:38,good,-2.26,-38.7865,1.49,HOLD,0.0,app-2026-01-14.log
2026-01-14 14:16:38,good,-1.99,-34.2962,1.47,HOLD,0.0,app-2026-01-14.log
2026-01-14 14:19:38,good,-1.76,-31.312,1.44,HOLD,0.0,app-2026-01-14.log
2026-01-14 14:22:38,good,-1.64,-23.8872,1.31,HOLD,0.0,app-2026-01-14.log
2026-01-14 14:25:38,good,-1.74,-18.1805,0.76,HOLD,0.0,app-2026-01-14.log
2026-01-14 14:28:38,good,-1.6,-11.6526,1.35,HOLD,0.0,app-2026-01-14.log
2026-01-14 14:31:38,good,-1.54,-3.7519,1.18,HOLD,0.0,app-2026-01-14.log
2026-01-14 14:34:38,good,-1.61,5.4398,0.87,HOLD,0.0,app-2026-01-14.log
2026-01-14 14:37:38,good,-1.76,9.9782,0.68,HOLD,0.0,app-2026-01-14.log
2026-01-14 14:40:38,good,-1.86,15.1211,0.8,HOLD,0.0,app-2026-01-14.log
2026-01-14 14:43:38,good,-1.95,17.0992,0.83,HOLD,0.0,app-2026-01-14.log
2026-01-14 14:46:38,good,-1.93,19.6556,1.16,HOLD,0.0,app-2026-01-14.log
2026-01-14 14:49:38,good,-1.9,21.5135,1.14,HOLD,0.0,app-2026-01-14.log
2026-01-14 14:52:38,good,-1.94,21.7256,0.99,HOLD,0.0,app-2026-01-14.log
2026-01-14 14:55:38,good,-1.85,22.812,1.3,HOLD,0.0,app-2026-01-14.log
2026-01-14 14:58:38,good,-1.87,21.5211,1.02,HOLD,0.0,app-2026-01-14.log
2026-01-15 09:30:05,neutral,-1.82,17.2286,1.2,HOLD,0.0,app-2026-01-15.log
2026-01-15 09:33:05,good,-2.57,4.9481,0.5,HOLD,0.3,app-2026-01-15.log
2026-01-15 09:36:05,good,-2.04,-1.2759,1.5,HOLD,0.0,app-2026-01-15.log
2026-01-15 09:39:05,good,-2.26,-13.4301,0.65,HOLD,0.0,app-2026-01-15.log
2026-01-15 09:42:05,good,-2.47,-24.0158,0.67,HOLD,0.0,app-2026-01-15.log
2026-01-15 09:45:05,good,-2.04,-26.5128,1.48,HOLD,0.0,app-2026-01-15.log
2026-01-15 09:48:15,good,-2.32,-29.1594,0.61,HOLD,0.0,app-2026-01-15.log
2026-01-15 09:51:15,good,-2.41,-30.6932,0.88,HOLD,0.0,app-2026-01-15.log
2026-01-15 09:54:15,good,-2.37,-32.2023,1.15,HOLD,0.0,app-2026-01-15.log
2026-01-15 09:57:06,good,-2.47,-32.3105,0.87,HOLD,0.0,app-2026-01-15.log
2026-01-15 10:00:05,good,-2.21,-28.0496,1.42,HOLD,0.0,app-2026-01-15.log
2026-01-15 10:03:05,good,-2.3,-24.7203,0.85,HOLD,0.0,app-2026-01-15.log
2026-01-15 10:06:05,good,-2.52,-24.8707,0.64,HOLD,0.0,app-2026-01-15.log
2026-01-15 10:09:05,good,-2.75,-27.8008,0.63,HOLD,0.0,app-2026-01-15.log
2026-01-15 10:12:05,good,-2.83,-31.6398,0.87,HOLD,0.0,app-2026-01-15.log
2026-01-15 10:15:05,good,-3.03,-36.3421,0.66,HOLD,0.0,app-2026-01-15.log
2026-01-15 10:18:15,good,-2.97,-38.8263,1.18,HOLD,0.0,app-2026-01-15.log
2026-01-15 10:21:15,good,-2.84,-39.1654,1.3,HOLD,0.0,app-2026-01-15.log
2026-01-15 10:24:15,good,-2.96,-38.7,0.77,HOLD,0.0,app-2026-01-15.log
2026-01-15 10:27:05,good,-3.13,-39.0015,0.7,HOLD,0.0,app-2026-01-15.log
2026-01-15 10:30:05,good,-3.18,-37.8278,0.93,HOLD,0.0,app-2026-01-15.log
2026-01-15 10:33:15,good,-3.19,-44.1256,1.03,HOLD,0.0,app-2026-01-15.log
2026-01-15 10:36:15,good,-3.21,-43.6541,1.0,HOLD,0.0,app-2026-01-15.log
2026-01-15 10:39:15,good,-3.2,-44.3865,1.08,HOLD,0.0,app-2026-01-15.log
2026-01-15 10:42:15,good,-3.14,-45.9451,1.18,HOLD,0.0,app-2026-01-15.log
2026-01-15 10:45:15,good,-3.13,-41.6263,1.05,HOLD,0.0,app-2026-01-15.log
2026-01-15 10:48:15,good,-3.35,-41.6872,0.62,HOLD,0.0,app-2026-01-15.log
2026-01-15 10:51:15,good,-3.35,-41.582,1.06,HOLD,0.0,app-2026-01-15.log
2026-01-15 10:54:16,good,-3.2,-38.3902,1.33,HOLD,0.0,app-2026-01-15.log
2026-01-15 10:57:06,good,-3.11,-34.3985,1.23,HOLD,0.0,app-2026-01-15.log
2026-01-15 11:00:15,good,-3.2,-27.6361,0.8,HOLD,0.0,app-2026-01-15.log
2026-01-15 11:03:15,good,-3.32,-22.1,0.75,HOLD,0.0,app-2026-01-15.log
2026-01-15 11:06:15,good,-3.4,-18.8789,0.85,HOLD,0.0,app-2026-01-15.log
2026-01-15 11:09:15,good,-3.21,-15.406,1.37,HOLD,0.0,app-2026-01-15.log
2026-01-15 11:12:15,good,-3.35,-13.8361,0.71,HOLD,0.0,app-2026-01-15.log
2026-01-15 11:15:15,good,-3.36,-14.2256,1.01,HOLD,0.0,app-2026-01-15.log
2026-01-15 11:18:15,good,-3.39,-13.7128,1.0,HOLD,0.0,app-2026-01-15.log
2026-01-15 11:21:15,good,-3.41,-11.4263,1.01,HOLD,0.0,app-2026-01-15.log
2026-01-15 11:24:15,good,-3.43,-10.2376,0.99,HOLD,0.0,app-2026-01-15.log
2026-01-15 11:27:15,good,-3.52,-11.3744,0.85,HOLD,0.0,app-2026-01-15.log
2026-01-15 13:20:14,neutral,-3.6,-13.4835,0.87,HOLD,0.3,app-2026-01-15.log
2026-01-15 13:20:15,neutral,-3.6,-13.4835,0.87,HOLD,0.0,app-2026-01-15.log
2026-01-15 13:20:46,neutral,-3.32,-11.1481,1.06,HOLD,0.3,app-2026-01-15.log
2026-01-15 13:21:15,neutral,-3.34,-10.0143,0.99,HOLD,0.0,app-2026-01-15.log
2026-01-15 13:23:47,neutral,-3.33,-7.912,1.08,HOLD,0.0,app-2026-01-15.log
2026-01-15 13:24:16,neutral,-3.25,-4.6774,1.24,HOLD,0.0,app-2026-01-15.log
2026-01-15 13:26:46,neutral,-3.21,-3.5218,1.14,HOLD,0.0,app-2026-01-15.log
2026-01-15 13:27:16,neutral,-3.19,-2.2083,1.1,HOLD,0.0,app-2026-01-15.log
2026-01-15 13:29:46,neutral,-3.17,0.8759,1.09,HOLD,0.0,app-2026-01-15.log
2026-01-15 13:30:16,neutral,-3.07,6.0835,1.28,HOLD,0.0,app-2026-01-15.log
2026-01-15 13:32:46,neutral,-3.11,9.6549,0.92,HOLD,0.0,app-2026-01-15.log
2026-01-15 13:33:15,neutral,-3.16,11.2075,0.87,HOLD,0.0,app-2026-01-15.log
2026-01-15 13:35:46,neutral,-3.23,10.994,0.83,HOLD,0.0,app-2026-01-15.log
2026-01-15 13:36:15,neutral,-3.31,11.9271,0.77,HOLD,0.0,app-2026-01-15.log
2026-01-15 13:38:46,neutral,-3.27,11.6692,1.16,HOLD,0.0,app-2026-01-15.log
2026-01-15 13:39:17,neutral,-3.28,11.1248,1.06,HOLD,0.0,app-2026-01-15.log
2026-01-15 13:41:46,neutral,-3.29,10.0714,1.01,HOLD,0.0,app-2026-01-15.log
2026-01-15 13:43:15,neutral,-3.32,8.3714,0.93,HOLD,0.0,app-2026-01-15.log
2026-01-15 13:44:46,neutral,-3.32,6.2248,1.06,HOLD,0.0,app-2026-01-15.log
2026-01-15 13:46:18,neutral,-3.3,3.1684,1.14,HOLD,0.0,app-2026-01-15.log
2026-01-15 13:47:46,neutral,-3.19,0.1639,1.43,HOLD,0.0,app-2026-01-15.log
2026-01-15 13:49:16,neutral,-2.89,3.1692,1.5,HOLD,0.0,app-2026-01-15.log
2026-01-15 13:50:46,neutral,-2.89,5.709,1.02,HOLD,0.0,app-2026-01-15.log
2026-01-15 13:52:16,neutral,-2.9,7.4135,0.95,HOLD,0.0,app-2026-01-15.log
2026-01-15 13:53:48,neutral,-2.9,8.6752,0.95,HOLD,0.0,app-2026-01-15.log
2026-01-15 13:55:15,neutral,-2.9,10.4932,1.0,HOLD,0.0,app-2026-01-15.log
2026-01-15 13:56:46,neutral,-2.96,11.7308,0.71,HOLD,0.0,app-2026-01-15.log
2026-01-15 13:58:16,neutral,-3.03,12.2083,0.69,HOLD,0.0,app-2026-01-15.log
2026-01-15 13:59:46,neutral,-3.0,13.0391,1.13,HOLD,0.0,app-2026-01-15.log
2026-01-15 14:01:18,neutral,-3.05,14.2902,0.71,HOLD,0.0,app-2026-01-15.log
2026-01-15 14:02:46,neutral,-3.19,13.4549,0.54,HOLD,0.0,app-2026-01-15.log
2026-01-15 14:04:16,neutral,-3.13,12.797,1.26,HOLD,0.0,app-2026-01-15.log
2026-01-15 14:05:46,neutral,-3.21,10.5053,0.65,HOLD,0.0,app-2026-01-15.log
2026-01-15 14:07:16,neutral,-3.15,7.9038,1.27,HOLD,0.0,app-2026-01-15.log
2026-01-15 14:08:46,neutral,-3.07,6.388,1.33,HOLD,0.0,app-2026-01-15.log
2026-01-15 14:10:16,neutral,-3.19,3.2474,0.57,HOLD,0.0,app-2026-01-15.log
2026-01-15 14:11:46,neutral,-3.26,-0.8331,0.67,HOLD,0.0,app-2026-01-15.log
2026-01-15 14:13:15,neutral,-3.25,-5.2398,0.99,HOLD,0.0,app-2026-01-15.log
2026-01-15 14:14:46,neutral,-3.23,-9.4647,1.12,HOLD,0.0,app-2026-01-15.log
2026-01-15 14:16:15,neutral,-3.23,-13.6008,0.97,HOLD,0.0,app-2026-01-15.log
2026-01-15 14:17:46,neutral,-3.22,-16.3158,1.05,HOLD,0.0,app-2026-01-15.log
2026-01-15 14:19:16,neutral,-3.28,-16.1496,0.68,HOLD,0.0,app-2026-01-15.log
2026-01-15 14:20:46,neutral,-3.27,-15.4474,1.01,HOLD,0.0,app-2026-01-15.log
2026-01-15 14:22:15,neutral,-3.29,-14.6556,0.85,HOLD,0.0,app-2026-01-15.log
2026-01-15 14:23:46,neutral,-3.25,-13.0564,1.21,HOLD,0.0,app-2026-01-15.log
2026-01-15 14:25:17,neutral,-3.21,-10.5887,1.18,HOLD,0.0,app-2026-01-15.log
2026-01-15 14:26:46,neutral,-3.14,-7.718,1.32,HOLD,0.0,app-2026-01-15.log
2026-01-15 14:28:15,neutral,-3.01,-4.0865,1.44,HOLD,0.0,app-2026-01-15.log
2026-01-15 14:29:48,neutral,-2.98,0.209,1.11,HOLD,0.0,app-2026-01-15.log
2026-01-15 14:30:17,neutral,-3.07,2.8865,0.58,HOLD,0.0,app-2026-01-15.log
2026-01-15 14:33:15,neutral,-2.99,4.8459,1.35,HOLD,0.0,app-2026-01-15.log
2026-01-15 14:34:15,neutral,-3.14,5.6143,0.51,HOLD,0.0,app-2026-01-15.log
2026-01-15 14:36:16,neutral,-3.18,5.1218,0.76,HOLD,0.0,app-2026-01-15.log
2026-01-15 14:37:15,neutral,-3.19,5.1481,0.85,HOLD,0.0,app-2026-01-15.log
2026-01-15 14:39:16,neutral,-3.22,5.8617,0.78,HOLD,0.0,app-2026-01-15.log
2026-01-15 14:40:15,neutral,-3.2,5.5271,1.13,HOLD,0.0,app-2026-01-15.log
2026-01-15 14:42:16,neutral,-3.18,4.6293,1.1,HOLD,0.0,app-2026-01-15.log
2026-01-15 14:43:15,neutral,-3.12,4.3233,1.31,HOLD,0.0,app-2026-01-15.log
2026-01-15 14:45:15,neutral,-3.18,3.6,0.68,HOLD,0.0,app-2026-01-15.log
2026-01-15 14:46:16,neutral,-3.13,3.2308,1.24,HOLD,0.0,app-2026-01-15.log
2026-01-15 14:48:16,neutral,-3.1,3.2414,1.17,HOLD,0.0,app-2026-01-15.log
2026-01-15 14:49:15,neutral,-3.12,2.215,0.85,HOLD,0.0,app-2026-01-15.log
2026-01-15 14:51:15,neutral,-3.04,1.982,1.38,HOLD,0.0,app-2026-01-15.log
2026-01-15 14:52:16,neutral,-3.09,0.7248,0.68,HOLD,0.0,app-2026-01-15.log
2026-01-15 14:54:15,neutral,-3.04,0.2429,1.25,HOLD,0.0,app-2026-01-15.log
2026-01-15 14:55:15,neutral,-3.03,0.0383,0.99,HOLD,0.0,app-2026-01-15.log
2026-01-15 14:57:15,neutral,-3.03,0.4534,0.94,HOLD,0.0,app-2026-01-15.log
2026-01-15 14:58:15,neutral,-2.94,3.2895,1.41,HOLD,0.0,app-2026-01-15.log
2026-01-16 09:32:23,neutral,-2.94,6.4015,0.93,HOLD,0.3,app-2026-01-16.log
2026-01-16 09:35:22,neutral,-2.72,10.703,1.49,HOLD,0.0,app-2026-01-16.log
2026-01-16 09:38:22,neutral,-2.96,13.0338,0.5,HOLD,0.0,app-2026-01-16.log
2026-01-16 09:41:22,neutral,-3.43,8.5489,0.5,HOLD,0.0,app-2026-01-16.log
2026-01-16 09:44:22,neutral,-3.44,3.8609,0.97,HOLD,0.0,app-2026-01-16.log
2026-01-16 09:47:22,neutral,-3.61,-2.5218,0.54,HOLD,0.0,app-2026-01-16.log
2026-01-16 09:50:23,neutral,-3.83,-11.1602,0.52,HOLD,0.0,app-2026-01-16.log
2026-01-16 09:54:05,neutral,-3.88,-19.4075,0.82,HOLD,0.0,app-2026-01-16.log
2026-01-16 09:56:22,neutral,-3.58,-23.4541,1.5,HOLD,0.0,app-2026-01-16.log
2026-01-16 09:59:23,neutral,-3.66,-27.1865,0.72,HOLD,0.0,app-2026-01-16.log
2026-01-16 10:02:22,neutral,-3.86,-33.1632,0.53,HOLD,0.0,app-2026-01-16.log
2026-01-16 10:05:22,neutral,-3.94,-38.7045,0.74,HOLD,0.0,app-2026-01-16.log
2026-01-16 10:08:23,neutral,-3.89,-42.3887,1.24,HOLD,0.0,app-2026-01-16.log
2026-01-16 10:11:22,neutral,-4.01,-46.7985,0.62,HOLD,0.0,app-2026-01-16.log
2026-01-16 10:14:22,neutral,-4.14,-50.5391,0.63,HOLD,0.0,app-2026-01-16.log
2026-01-16 10:17:22,neutral,-3.91,-51.1549,1.48,HOLD,0.0,app-2026-01-16.log
2026-01-16 10:20:23,neutral,-3.81,-49.1774,1.36,HOLD,0.0,app-2026-01-16.log
2026-01-16 10:23:23,neutral,-4.05,-48.9293,0.52,HOLD,0.0,app-2026-01-16.log
2026-01-16 10:26:23,neutral,-4.22,-49.315,0.58,HOLD,0.0,app-2026-01-16.log
2026-01-16 10:29:22,neutral,-4.4,-49.1098,0.58,HOLD,0.0,app-2026-01-16.log
2026-01-16 10:32:23,neutral,-4.48,-48.1293,0.77,HOLD,0.0,app-2026-01-16.log
2026-01-16 10:35:23,neutral,-4.43,-42.397,1.21,HOLD,0.0,app-2026-01-16.log
2026-01-16 10:38:22,neutral,-4.3,-36.1203,1.41,HOLD,0.0,app-2026-01-16.log
2026-01-16 10:41:23,neutral,-4.18,-32.5902,1.37,HOLD,0.0,app-2026-01-16.log
2026-01-16 10:44:22,neutral,-4.14,-27.9211,1.18,HOLD,0.0,app-2026-01-16.log
2026-01-16 10:47:22,neutral,-4.22,-25.2602,0.77,HOLD,0.0,app-2026-01-16.log
2026-01-16 10:50:22,neutral,-4.41,-26.5684,0.57,HOLD,0.0,app-2026-01-16.log
2026-01-16 10:53:23,neutral,-4.39,-27.5609,1.15,HOLD,0.0,app-2026-01-16.log
2026-01-16 10:56:22,neutral,-4.5,-25.6293,0.7,HOLD,0.0,app-2026-01-16.log
2026-01-16 10:59:22,neutral,-4.46,-23.1346,1.21,HOLD,0.0,app-2026-01-16.log
2026-01-16 11:02:22,neutral,-4.49,-22.5564,0.95,HOLD,0.0,app-2026-01-16.log
2026-01-16 11:05:22,neutral,-4.14,-18.4286,1.49,HOLD,0.0,app-2026-01-16.log
2026-01-16 11:08:23,neutral,-3.99,-11.785,1.41,HOLD,0.0,app-2026-01-16.log
2026-01-16 11:11:22,neutral,-4.02,-6.9158,0.92,HOLD,0.0,app-2026-01-16.log
2026-01-16 11:14:23,neutral,-4.06,-3.9346,0.88,HOLD,0.0,app-2026-01-16.log
2026-01-16 11:17:22,neutral,-4.26,-0.4075,0.58,HOLD,0.0,app-2026-01-16.log
2026-01-16 11:20:23,neutral,-4.3,4.285,0.9,HOLD,0.0,app-2026-01-16.log
2026-01-16 11:23:23,neutral,-4.29,6.6511,1.06,HOLD,0.0,app-2026-01-16.log
2026-01-16 11:26:22,neutral,-4.23,7.9812,1.23,HOLD,0.0,app-2026-01-16.log
2026-01-16 11:29:23,neutral,-4.15,8.0632,1.27,HOLD,0.0,app-2026-01-16.log
2026-01-16 11:31:53,neutral,-4.23,6.0752,0.79,HOLD,0.3,app-2026-01-16.log
2026-01-16 11:42:32,neutral,-4.28,3.7256,0.86,HOLD,0.3,app-2026-01-16.log
2026-01-16 11:42:34,neutral,-4.28,3.7256,0.86,HOLD,0.0,app-2026-01-16.log
2026-01-16 13:00:43,neutral,-4.28,3.282,1.05,HOLD,0.3,app-2026-01-16.log
2026-01-16 13:01:05,neutral,-4.18,5.4481,1.33,HOLD,0.0,app-2026-01-16.log
2026-01-16 13:03:43,neutral,-4.16,6.982,1.12,HOLD,0.0,app-2026-01-16.log
2026-01-16 13:04:05,neutral,-4.26,5.0985,0.74,HOLD,0.0,app-2026-01-16.log
2026-01-16 13:06:43,neutral,-4.22,3.7835,1.18,HOLD,0.0,app-2026-01-16.log
2026-01-16 13:07:05,neutral,-4.22,0.9083,1.03,HOLD,0.0,app-2026-01-16.log
2026-01-16 13:09:43,neutral,-4.23,-1.9331,1.01,HOLD,0.0,app-2026-01-16.log
2026-01-16 13:10:06,neutral,-4.07,-3.6789,1.42,HOLD,0.0,app-2026-01-16.log
2026-01-16 13:12:43,neutral,-4.14,-2.5474,0.82,HOLD,0.0,app-2026-01-16.log
2026-01-16 13:14:05,neutral,-4.1,0.8331,1.18,HOLD,0.0,app-2026-01-16.log
2026-01-16 13:15:44,neutral,-4.17,3.2797,0.79,HOLD,0.0,app-2026-01-16.log
2026-01-16 13:17:05,neutral,-4.19,5.1865,0.95,HOLD,0.0,app-2026-01-16.log
2026-01-16 13:18:43,neutral,-4.18,4.985,1.03,HOLD,0.0,app-2026-01-16.log
2026-01-16 13:20:05,neutral,-4.19,4.0955,0.95,HOLD,0.0,app-2026-01-16.log
2026-01-16 13:21:43,neutral,-4.17,3.3662,1.07,HOLD,0.0,app-2026-01-16.log
2026-01-16 13:23:05,neutral,-4.25,2.4323,0.73,HOLD,0.0,app-2026-01-16.log
2026-01-16 13:24:44,neutral,-4.21,2.8669,1.18,HOLD,0.0,app-2026-01-16.log
2026-01-16 13:26:05,neutral,-4.1,3.5805,1.36,HOLD,0.0,app-2026-01-16.log
2026-01-16 13:27:44,neutral,-4.01,4.4481,1.32,HOLD,0.0,app-2026-01-16.log
2026-01-16 13:29:05,neutral,-3.94,5.7977,1.27,HOLD,0.0,app-2026-01-16.log
2026-01-16 13:30:44,neutral,-4.0,6.0895,0.72,HOLD,0.0,app-2026-01-16.log
2026-01-16 13:32:05,neutral,-4.02,7.1556,0.89,HOLD,0.0,app-2026-01-16.log
2026-01-16 13:33:44,neutral,-3.96,8.9098,1.22,HOLD,0.0,app-2026-01-16.log
2026-01-16 13:35:05,neutral,-4.03,8.5902,0.73,HOLD,0.0,app-2026-01-16.log
2026-01-16 13:36:43,neutral,-3.86,10.2271,1.45,HOLD,0.0,app-2026-01-16.log
2026-01-16 13:38:05,neutral,-3.87,11.2895,0.88,HOLD,0.0,app-2026-01-16.log
2026-01-16 13:39:45,neutral,-3.86,11.9188,0.97,HOLD,0.0,app-2026-01-16.log
2026-01-16 13:41:05,neutral,-3.82,14.5451,1.13,HOLD,0.0,app-2026-01-16.log
2026-01-16 13:42:43,neutral,-3.72,17.106,1.35,HOLD,0.0,app-2026-01-16.log
2026-01-16 13:44:05,neutral,-3.77,19.1451,0.7,HOLD,0.0,app-2026-01-16.log
2026-01-16 13:45:43,neutral,-3.72,20.5316,1.16,HOLD,0.0,app-2026-01-16.log
2026-01-16 13:47:05,neutral,-3.71,21.3519,1.0,HOLD,0.0,app-2026-01-16.log
2026-01-16 13:48:43,neutral,-3.72,21.5654,0.86,HOLD,0.0,app-2026-01-16.log
2026-01-16 13:50:05,neutral,-3.68,21.5722,1.12,HOLD,0.0,app-2026-01-16.log
2026-01-16 13:51:43,neutral,-3.64,21.6038,1.09,HOLD,0.0,app-2026-01-16.log
2026-01-16 13:53:05,neutral,-3.84,17.9624,0.51,HOLD,0.0,app-2026-01-16.log
2026-01-16 13:54:43,neutral,-3.89,13.7932,0.68,HOLD,0.0,app-2026-01-16.log
2026-01-16 13:56:05,neutral,-3.84,11.0722,1.18,HOLD,0.0,app-2026-01-16.log
2026-01-16 13:57:43,neutral,-3.89,8.5699,0.67,HOLD,0.0,app-2026-01-16.log
2026-01-16 13:59:05,neutral,-3.95,6.1977,0.66,HOLD,0.0,app-2026-01-16.log
2026-01-16 14:00:43,neutral,-3.89,3.7338,1.31,HOLD,0.0,app-2026-01-16.log
2026-01-16 14:02:05,neutral,-3.91,0.7654,0.83,HOLD,0.0,app-2026-01-16.log
2026-01-16 14:03:43,neutral,-3.89,-1.509,1.02,HOLD,0.0,app-2026-01-16.log
2026-01-16 14:05:05,neutral,-3.95,-5.2767,0.6,HOLD,0.0,app-2026-01-16.log
2026-01-16 14:06:43,neutral,-3.9,-6.6549,1.26,HOLD,0.0,app-2026-01-16.log
2026-01-16 14:08:05,neutral,-3.93,-8.4429,0.74,HOLD,0.0,app-2026-01-16.log
2026-01-16 14:09:43,neutral,-3.92,-9.9241,1.02,HOLD,0.0,app-2026-01-16.log
2026-01-16 14:11:05,neutral,-3.92,-10.7752,0.95,HOLD,0.0,app-2026-01-16.log
2026-01-16 14:12:43,neutral,-4.06,-11.8421,0.51,HOLD,0.0,app-2026-01-16.log
2026-01-16 14:14:05,neutral,-4.03,-12.7737,1.14,HOLD,0.0,app-2026-01-16.log
2026-01-16 14:15:43,neutral,-4.0,-12.5677,1.14,HOLD,0.0,app-2026-01-16.log
2026-01-16 14:17:05,neutral,-4.04,-12.2692,0.71,HOLD,0.0,app-2026-01-16.log
2026-01-16 14:18:43,neutral,-4.08,-12.1481,0.71,HOLD,0.0,app-2026-01-16.log
2026-01-16 14:20:05,neutral,-4.17,-12.0699,0.56,HOLD,0.0,app-2026-01-16.log
2026-01-16 14:21:43,neutral,-4.07,-9.9805,1.43,HOLD,0.0,app-2026-01-16.log
2026-01-16 14:23:05,neutral,-4.12,-10.288,0.68,HOLD,0.0,app-2026-01-16.log
2026-01-16 14:24:43,neutral,-4.16,-11.2985,0.72,HOLD,0.0,app-2026-01-16.log
2026-01-16 14:26:05,neutral,-4.13,-11.0526,1.21,HOLD,0.0,app-2026-01-16.log
2026-01-16 14:27:43,neutral,-4.13,-11.1579,0.92,HOLD,0.0,app-2026-01-16.log
2026-01-16 14:29:05,neutral,-4.08,-11.1128,1.31,HOLD,0.0,app-2026-01-16.log
2026-01-16 14:30:43,neutral,-4.05,-9.8496,1.2,HOLD,0.0,app-2026-01-16.log
2026-01-16 14:32:06,neutral,-4.11,-9.3271,0.6,HOLD,0.0,app-2026-01-16.log
2026-01-16 14:33:43,neutral,-4.13,-8.5549,0.85,HOLD,0.0,app-2026-01-16.log
2026-01-16 14:35:05,neutral,-4.11,-8.1015,1.07,HOLD,0.0,app-2026-01-16.log
2026-01-16 14:36:43,neutral,-4.05,-6.1977,1.35,HOLD,0.0,app-2026-01-16.log
2026-01-16 14:38:05,neutral,-4.05,-4.4474,0.96,HOLD,0.0,app-2026-01-16.log
2026-01-16 14:39:43,neutral,-4.13,-3.2699,0.57,HOLD,0.0,app-2026-01-16.log
2026-01-16 14:41:05,neutral,-4.15,-2.0451,0.82,HOLD,0.0,app-2026-01-16.log
2026-01-16 14:42:44,neutral,-4.22,-3.097,0.58,HOLD,0.0,app-2026-01-16.log
2026-01-16 14:44:05,neutral,-4.23,-3.6767,0.97,HOLD,0.0,app-2026-01-16.log
2026-01-16 14:45:43,neutral,-4.25,-3.9165,0.84,HOLD,0.0,app-2026-01-16.log
2026-01-16 14:47:05,neutral,-4.25,-4.306,1.02,HOLD,0.0,app-2026-01-16.log
2026-01-16 14:48:43,neutral,-4.19,-4.3203,1.37,HOLD,0.0,app-2026-01-16.log
2026-01-16 14:50:05,neutral,-4.21,-5.4805,0.83,HOLD,0.0,app-2026-01-16.log
2026-01-16 14:51:43,neutral,-4.27,-6.0113,0.66,HOLD,0.0,app-2026-01-16.log
2026-01-16 14:53:05,neutral,-4.25,-6.7338,1.14,HOLD,0.0,app-2026-01-16.log
2026-01-16 14:54:43,neutral,-4.28,-8.0338,0.83,HOLD,0.0,app-2026-01-16.log
2026-01-16 14:56:05,neutral,-4.34,-9.4466,0.64,HOLD,0.0,app-2026-01-16.log
2026-01-16 14:57:43,neutral,-4.27,-10.0278,1.43,HOLD,0.0,app-2026-01-16.log
2026-01-16 14:59:06,neutral,-4.32,-10.3338,0.7,HOLD,0.0,app-2026-01-16.log
2026-01-19 09:30:07,neutral,-4.32,-9.9759,1.08,HOLD,0.3,app-2026-01-19.log
2026-01-19 09:33:04,neutral,-4.28,-9.6278,1.36,HOLD,0.0,app-2026-01-19.log
2026-01-19 09:36:04,neutral,-4.55,-12.197,0.5,HOLD,0.0,app-2026-01-19.log
2026-01-19 09:39:07,neutral,-4.78,-16.5872,0.5,HOLD,0.0,app-2026-01-19.log
2026-01-19 09:42:04,neutral,-4.83,-20.0248,0.79,HOLD,0.0,app-2026-01-19.log
2026-01-19 09:45:04,neutral,-4.4,-17.9639,1.5,HOLD,0.0,app-2026-01-19.log
2026-01-19 09:48:06,neutral,-4.49,-17.3887,0.64,HOLD,0.0,app-2026-01-19.log
2026-01-19 09:51:33,neutral,-4.4,-15.6782,1.38,HOLD,0.0,app-2026-01-19.log
2026-01-19 09:54:33,neutral,-4.41,-14.6932,0.97,HOLD,0.0,app-2026-01-19.log
2026-01-19 09:57:33,neutral,-4.12,-10.4579,1.5,HOLD,0.0,app-2026-01-19.log
2026-01-19 10:00:33,neutral,-4.17,-7.0368,0.81,HOLD,0.0,app-2026-01-19.log
2026-01-19 10:03:33,neutral,-4.05,-2.4391,1.4,HOLD,0.0,app-2026-01-19.log
2026-01-19 10:06:34,neutral,-4.16,1.3962,0.6,HOLD,0.0,app-2026-01-19.log
2026-01-19 10:09:33,neutral,-4.28,3.6729,0.6,HOLD,0.0,app-2026-01-19.log
2026-01-19 10:12:33,neutral,-4.2,6.2947,1.32,HOLD,0.0,app-2026-01-19.log
2026-01-19 10:15:33,neutral,-4.19,9.0962,1.04,HOLD,0.0,app-2026-01-19.log
2026-01-19 10:18:36,neutral,-4.13,12.1511,1.24,HOLD,0.0,app-2026-01-19.log
2026-01-19 10:21:33,neutral,-4.2,13.5699,0.7,HOLD,0.0,app-2026-01-19.log
2026-01-19 10:24:34,neutral,-4.24,15.1759,0.82,HOLD,0.0,app-2026-01-19.log
2026-01-19 10:27:33,neutral,-4.21,16.503,1.12,HOLD,0.0,app-2026-01-19.log
2026-01-19 10:30:33,neutral,-4.23,17.4338,0.87,HOLD,0.0,app-2026-01-19.log
2026-01-19 10:33:34,neutral,-4.33,17.788,0.65,HOLD,0.0,app-2026-01-19.log
2026-01-19 10:36:34,neutral,-4.39,14.318,0.74,HOLD,0.0,app-2026-01-19.log
2026-01-19 10:39:33,neutral,-4.45,7.2316,0.72,HOLD,0.0,app-2026-01-19.log
2026-01-19 10:42:33,neutral,-4.42,-0.512,1.14,HOLD,0.0,app-2026-01-19.log
2026-01-19 10:45:34,neutral,-4.54,-4.8632,0.61,HOLD,0.0,app-2026-01-19.log
2026-01-19 10:48:33,neutral,-4.48,-9.5248,1.24,HOLD,0.0,app-2026-01-19.log
2026-01-19 10:51:33,neutral,-4.41,-12.4023,1.28,HOLD,0.0,app-2026-01-19.log
2026-01-19 10:54:34,neutral,-4.41,-15.4256,0.97,HOLD,0.0,app-2026-01-19.log
2026-01-19 10:57:33,neutral,-4.42,-15.0639,0.98,HOLD,0.0,app-2026-01-19.log
2026-01-19 11:00:33,neutral,-4.4,-14.6594,1.09,HOLD,0.0,app-2026-01-19.log
2026-01-19 11:03:33,neutral,-4.45,-13.1008,0.79,HOLD,0.0,app-2026-01-19.log
2026-01-19 11:06:33,neutral,-4.33,-11.206,1.39,HOLD,0.0,app-2026-01-19.log
2026-01-19 11:09:33,neutral,-4.33,-10.4526,1.02,HOLD,0.0,app-2026-01-19.log
2026-01-19 11:12:33,neutral,-4.32,-8.612,1.02,HOLD,0.0,app-2026-01-19.log
2026-01-19 11:15:33,neutral,-4.34,-6.7353,0.9,HOLD,0.0,app-2026-01-19.log
2026-01-19 11:18:33,neutral,-4.23,-2.8038,1.38,HOLD,0.0,app-2026-01-19.log
2026-01-19 11:21:33,neutral,-4.18,0.9338,1.2,HOLD,0.0,app-2026-01-19.log
2026-01-19 11:24:33,neutral,-4.3,2.9496,0.59,HOLD,0.0,app-2026-01-19.log
2026-01-19 11:27:33,neutral,-4.37,4.5361,0.68,HOLD,0.0,app-2026-01-19.log
2026-01-19 13:00:33,neutral,-4.38,5.9662,0.96,HOLD,0.0,app-2026-01-19.log
2026-01-19 13:03:33,neutral,-4.03,10.212,1.5,HOLD,0.0,app-2026-01-19.log
2026-01-19 13:06:33,neutral,-4.05,13.1692,0.87,HOLD,0.0,app-2026-01-19.log
2026-01-19 13:09:04,neutral,-4.07,14.818,0.9,HOLD,0.0,app-2026-01-19.log
2026-01-19 13:12:04,neutral,-4.09,16.1797,0.88,HOLD,0.0,app-2026-01-19.log
2026-01-19 13:15:06,neutral,-4.19,14.6474,0.62,HOLD,0.0,app-2026-01-19.log
2026-01-19 13:18:33,neutral,-4.11,14.2947,1.27,HOLD,0.0,app-2026-01-19.log
2026-01-19 13:21:33,neutral,-4.18,13.591,0.71,HOLD,0.0,app-2026-01-19.log
2026-01-19 13:24:34,neutral,-4.12,13.2669,1.21,HOLD,0.0,app-2026-01-19.log
2026-01-19 13:27:33,neutral,-4.25,11.1459,0.59,HOLD,0.0,app-2026-01-19.log
2026-01-19 13:30:33,neutral,-4.2,9.5406,1.14,HOLD,0.0,app-2026-01-19.log
2026-01-19 13:33:33,neutral,-4.19,7.3617,1.04,HOLD,0.0,app-2026-01-19.log
2026-01-19 13:36:33,neutral,-4.15,6.6744,1.1,HOLD,0.0,app-2026-01-19.log
2026-01-19 13:39:33,neutral,-4.27,4.5128,0.57,HOLD,0.0,app-2026-01-19.log
2026-01-19 13:42:33,neutral,-4.3,2.0812,0.82,HOLD,0.0,app-2026-01-19.log
2026-01-19 13:45:33,neutral,-4.31,-0.8015,0.88,HOLD,0.0,app-2026-01-19.log
2026-01-19 13:48:33,neutral,-4.34,-2.6782,0.82,HOLD,0.0,app-2026-01-19.log
2026-01-19 13:51:34,neutral,-4.33,-3.7632,1.0,HOLD,0.0,app-2026-01-19.log
2026-01-19 13:54:33,neutral,-4.39,-6.6962,0.7,HOLD,0.0,app-2026-01-19.log
2026-01-19 13:57:33,neutral,-4.49,-11.5699,0.58,HOLD,0.0,app-2026-01-19.log
2026-01-19 14:00:33,neutral,-4.47,-16.0414,1.17,HOLD,0.0,app-2026-01-19.log
2026-01-19 14:03:33,neutral,-4.58,-17.4639,0.57,HOLD,0.0,app-2026-01-19.log
2026-01-19 14:06:33,neutral,-4.49,-17.6383,1.38,HOLD,0.0,app-2026-01-19.log
2026-01-19 14:09:33,neutral,-4.4,-16.4617,1.4,HOLD,0.0,app-2026-01-19.log
2026-01-19 14:12:33,neutral,-4.35,-14.6774,1.23,HOLD,0.0,app-2026-01-19.log
2026-01-19 14:15:34,neutral,-4.33,-13.6143,1.13,HOLD,0.0,app-2026-01-19.log
2026-01-19 14:18:33,neutral,-4.31,-11.2504,1.09,HOLD,0.0,app-2026-01-19.log
2026-01-19 14:21:33,neutral,-4.29,-9.2105,1.13,HOLD,0.0,app-2026-01-19.log
2026-01-19 14:24:33,neutral,-4.32,-6.6368,0.79,HOLD,0.0,app-2026-01-19.log
2026-01-19 14:27:33,neutral,-4.35,-5.7135,0.81,HOLD,0.0,app-2026-01-19.log
2026-01-19 14:30:33,neutral,-4.36,-4.2278,0.93,HOLD,0.0,app-2026-01-19.log
2026-01-19 14:33:34,neutral,-4.36,-2.4353,0.92,HOLD,0.0,app-2026-01-19.log
2026-01-19 14:36:33,neutral,-4.37,-0.0391,0.92,HOLD,0.0,app-2026-01-19.log
2026-01-19 14:39:34,neutral,-4.4,0.7985,0.78,HOLD,0.0,app-2026-01-19.log
2026-01-19 14:42:33,neutral,-4.44,1.0692,0.75,HOLD,0.0,app-2026-01-19.log
2026-01-19 14:45:33,neutral,-4.38,1.9271,1.28,HOLD,0.0,app-2026-01-19.log
2026-01-19 14:48:33,neutral,-4.36,2.8075,1.1,HOLD,0.0,app-2026-01-19.log
2026-01-19 14:51:33,neutral,-4.29,4.5068,1.32,HOLD,0.0,app-2026-01-19.log
2026-01-19 14:54:33,neutral,-4.33,5.112,0.76,HOLD,0.0,app-2026-01-19.log
2026-01-19 14:57:33,neutral,-4.3,4.6707,1.11,HOLD,0.0,app-2026-01-19.log
2026-01-20 09:31:11,neutral,-4.3,4.4015,0.98,HOLD,0.3,app-2026-01-20.log
2026-01-20 09:34:11,neutral,-3.5,11.1466,1.5,HOLD,0.0,app-2026-01-20.log
2026-01-20 09:37:11,neutral,-3.12,21.7902,1.49,HOLD,0.0,app-2026-01-20.log
2026-01-20 09:40:11,neutral,-3.61,26.7361,0.5,HOLD,0.0,app-2026-01-20.log
2026-01-20 09:43:11,neutral,-3.8,29.2887,0.58,HOLD,0.0,app-2026-01-20.log
2026-01-20 09:46:13,neutral,-3.9,30.4173,0.69,HOLD,0.0,app-2026-01-20.log
2026-01-20 09:49:40,neutral,-3.88,31.5414,1.03,HOLD,0.0,app-2026-01-20.log
2026-01-20 09:52:41,neutral,-3.66,34.8023,1.41,HOLD,0.0,app-2026-01-20.log
2026-01-20 09:55:40,neutral,-3.72,36.2759,0.76,HOLD,0.0,app-2026-01-20.log
2026-01-20 09:58:40,neutral,-3.84,35.4744,0.66,HOLD,0.0,app-2026-01-20.log
2026-01-20 10:01:40,neutral,-3.81,34.3211,1.02,HOLD,0.0,app-2026-01-20.log
2026-01-20 10:04:40,neutral,-4.08,29.6308,0.54,HOLD,0.0,app-2026-01-20.log
2026-01-20 10:07:41,neutral,-3.83,27.1797,1.44,HOLD,0.0,app-2026-01-20.log
2026-01-20 10:10:40,neutral,-3.84,23.612,0.92,HOLD,0.0,app-2026-01-20.log
2026-01-20 10:13:41,neutral,-4.02,17.0135,0.59,HOLD,0.0,app-2026-01-20.log
2026-01-20 10:16:40,neutral,-4.06,10.2677,0.87,HOLD,0.0,app-2026-01-20.log
2026-01-20 10:19:40,neutral,-4.23,1.5233,0.6,HOLD,0.0,app-2026-01-20.log
2026-01-20 10:22:41,neutral,-4.37,-7.9872,0.66,HOLD,0.0,app-2026-01-20.log
2026-01-20 10:25:41,neutral,-4.49,-19.1098,0.69,HOLD,0.0,app-2026-01-20.log
2026-01-20 10:28:40,neutral,-4.61,-31.0504,0.69,HOLD,0.0,app-2026-01-20.log
2026-01-20 10:31:40,neutral,-4.6,-42.4962,1.02,HOLD,0.0,app-2026-01-20.log
2026-01-20 10:34:24,neutral,-4.55,-43.6045,1.14,HOLD,0.0,app-2026-01-20.log
2026-01-20 10:37:11,neutral,-4.32,-36.618,1.42,HOLD,0.0,app-2026-01-20.log
2026-01-20 10:40:11,neutral,-4.28,-33.6143,1.1,HOLD,0.0,app-2026-01-20.log
2026-01-20 10:43:40,neutral,-4.28,-32.1579,0.95,HOLD,0.0,app-2026-01-20.log
2026-01-20 10:46:40,neutral,-4.28,-31.3714,0.97,HOLD,0.0,app-2026-01-20.log
2026-01-20 10:49:40,neutral,-4.3,-30.0248,0.92,HOLD,0.0,app-2026-01-20.log
2026-01-20 10:52:40,neutral,-4.3,-25.5962,0.97,HOLD,0.0,app-2026-01-20.log
2026-01-20 10:55:40,neutral,-4.35,-21.7195,0.84,HOLD,0.0,app-2026-01-20.log
2026-01-20 10:58:40,neutral,-4.29,-17.9744,1.1,HOLD,0.0,app-2026-01-20.log
2026-01-20 11:01:40,neutral,-4.47,-15.2436,0.61,HOLD,0.0,app-2026-01-20.log
2026-01-20 11:04:40,neutral,-4.52,-15.4135,0.83,HOLD,0.0,app-2026-01-20.log
2026-01-20 11:07:41,neutral,-4.41,-11.0662,1.24,HOLD,0.0,app-2026-01-20.log
2026-01-20 11:10:40,neutral,-4.66,-8.818,0.56,HOLD,0.0,app-2026-01-20.log
2026-01-20 11:13:42,neutral,-4.66,-7.8429,0.97,HOLD,0.0,app-2026-01-20.log
2026-01-20 11:16:40,neutral,-4.48,-4.6451,1.37,HOLD,0.0,app-2026-01-20.log
2026-01-20 11:19:40,neutral,-4.5,-3.2248,0.94,HOLD,0.0,app-2026-01-20.log
2026-01-20 11:22:40,neutral,-4.45,-2.5571,1.11,HOLD,0.0,app-2026-01-20.log
2026-01-20 11:25:41,neutral,-4.39,-2.6045,1.13,HOLD,0.0,app-2026-01-20.log
2026-01-20 11:28:40,neutral,-4.57,-6.0985,0.61,HOLD,0.0,app-2026-01-20.log
2026-01-21 09:30:57,neutral,-4.63,-10.2,0.82,HOLD,0.3,app-2026-01-21.log
2026-01-21 09:33:57,neutral,-5.0,-17.6338,0.52,HOLD,0.6,app-2026-01-21.log
2026-01-21 09:37:00,neutral,-5.4,-26.185,0.52,HOLD,0.0,app-2026-01-21.log
2026-01-21 09:39:58,neutral,-5.2,-30.8526,1.38,HOLD,0.0,app-2026-01-21.log
2026-01-21 09:43:39,neutral,-4.59,-27.9383,1.5,HOLD,0.0,app-2026-01-21.log
2026-01-21 09:46:39,neutral,-4.59,-24.7526,0.96,HOLD,0.0,app-2026-01-21.log
2026-01-21 09:49:39,neutral,-4.48,-20.1647,1.22,HOLD,0.0,app-2026-01-21.log
2026-01-21 09:52:39,neutral,-4.55,-16.1323,0.82,HOLD,0.0,app-2026-01-21.log
2026-01-21 09:55:39,neutral,-4.48,-11.5827,1.14,HOLD,0.0,app-2026-01-21.log
2026-01-21 09:58:39,neutral,-4.69,-8.5541,0.62,HOLD,0.0,app-2026-01-21.log
2026-01-21 10:01:39,neutral,-4.49,-5.0173,1.34,HOLD,0.0,app-2026-01-21.log
2026-01-21 10:04:40,neutral,-4.5,-2.1361,0.99,HOLD,0.0,app-2026-01-21.log
2026-01-21 10:07:39,neutral,-4.31,3.9887,1.4,HOLD,0.0,app-2026-01-21.log
2026-01-21 10:10:40,neutral,-4.36,6.6113,0.87,HOLD,0.0,app-2026-01-21.log
2026-01-21 10:13:39,neutral,-4.12,11.3812,1.43,HOLD,0.0,app-2026-01-21.log
2026-01-21 10:16:39,neutral,-4.03,18.6038,1.22,HOLD,0.0,app-2026-01-21.log
2026-01-21 10:19:40,neutral,-3.96,25.9331,1.18,HOLD,0.0,app-2026-01-21.log
2026-01-21 10:22:39,neutral,-3.97,33.112,0.96,HOLD,0.0,app-2026-01-21.log
2026-01-21 10:25:39,neutral,-4.04,39.6759,0.79,HOLD,0.0,app-2026-01-21.log
2026-01-21 10:28:39,neutral,-3.91,45.1632,1.31,HOLD,0.0,app-2026-01-21.log
2026-01-21 10:31:39,neutral,-3.91,49.2398,0.99,HOLD,0.0,app-2026-01-21.log
2026-01-21 10:34:39,neutral,-3.71,50.1474,1.39,HOLD,0.0,app-2026-01-21.log
2026-01-21 10:37:39,neutral,-3.81,43.8609,0.72,HOLD,0.0,app-2026-01-21.log
2026-01-21 10:40:40,neutral,-3.97,36.3827,0.62,HOLD,0.0,app-2026-01-21.log
2026-01-21 10:43:39,neutral,-3.86,35.9624,1.25,HOLD,0.0,app-2026-01-21.log
2026-01-21 10:46:39,neutral,-3.67,36.6436,1.38,HOLD,0.0,app-2026-01-21.log
2026-01-21 10:49:41,neutral,-3.93,34.9481,0.54,HOLD,0.0,app-2026-01-21.log
2026-01-21 10:52:39,neutral,-4.0,31.0519,0.77,HOLD,0.0,app-2026-01-21.log
2026-01-21 10:55:39,neutral,-4.0,27.3985,0.94,HOLD,0.0,app-2026-01-21.log
2026-01-21 10:58:39,neutral,-3.97,20.9617,1.01,HOLD,0.0,app-2026-01-21.log
2026-01-21 11:01:39,neutral,-3.9,16.8496,1.14,HOLD,0.0,app-2026-01-21.log
2026-01-21 11:04:40,neutral,-3.87,12.182,1.0,HOLD,0.0,app-2026-01-21.log
2026-01-21 11:07:39,neutral,-3.78,10.0624,1.21,HOLD,0.0,app-2026-01-21.log
2026-01-21 11:10:39,neutral,-3.84,6.1173,0.78,HOLD,0.0,app-2026-01-21.log
2026-01-21 11:13:39,neutral,-3.77,5.1105,1.14,HOLD,0.0,app-2026-01-21.log
2026-01-21 11:16:39,neutral,-3.86,3.8662,0.73,HOLD,0.0,app-2026-01-21.log
2026-01-21 11:19:42,neutral,-3.84,3.4902,1.0,HOLD,0.0,app-2026-01-21.log
2026-01-21 11:22:39,neutral,-3.88,2.3639,0.82,HOLD,0.0,app-2026-01-21.log
2026-01-21 11:25:41,neutral,-3.89,0.2143,0.92,HOLD,0.0,app-2026-01-21.log
2026-01-21 11:28:39,neutral,-3.93,-0.988,0.83,HOLD,0.0,app-2026-01-21.log
2026-01-21 13:01:39,neutral,-3.93,-2.0602,0.95,HOLD,0.0,app-2026-01-21.log
2026-01-21 13:04:39,neutral,-3.97,-1.2714,0.81,HOLD,0.0,app-2026-01-21.log
2026-01-21 13:07:40,neutral,-4.03,-1.9805,0.78,HOLD,0.0,app-2026-01-21.log
2026-01-21 13:10:39,neutral,-4.0,-3.9571,1.04,HOLD,0.0,app-2026-01-21.log
2026-01-21 13:13:39,neutral,-4.02,-4.8789,0.86,HOLD,0.0,app-2026-01-21.log
2026-01-21 13:16:39,neutral,-4.2,-5.3669,0.58,HOLD,0.0,app-2026-01-21.log
2026-01-21 13:19:39,neutral,-4.18,-8.0451,1.01,HOLD,0.0,app-2026-01-21.log
2026-01-21 13:22:40,neutral,-4.14,-10.7985,1.07,HOLD,0.0,app-2026-01-21.log
2026-01-21 13:25:39,neutral,-4.22,-14.2008,0.75,HOLD,0.0,app-2026-01-21.log
2026-01-21 13:28:39,neutral,-4.13,-16.0932,1.2,HOLD,0.0,app-2026-01-21.log
2026-01-21 13:31:39,neutral,-4.2,-17.7211,0.74,HOLD,0.0,app-2026-01-21.log
2026-01-21 13:34:39,neutral,-4.23,-18.9617,0.85,HOLD,0.0,app-2026-01-21.log
2026-01-21 13:37:39,neutral,-4.17,-18.1286,1.07,HOLD,0.0,app-2026-01-21.log
2026-01-21 13:40:42,neutral,-4.08,-16.6226,1.2,HOLD,0.0,app-2026-01-21.log
2026-01-21 13:43:39,neutral,-3.97,-12.8534,1.35,HOLD,0.0,app-2026-01-21.log
2026-01-21 13:46:39,neutral,-3.97,-9.8549,0.91,HOLD,0.0,app-2026-01-21.log
2026-01-21 13:49:39,neutral,-3.91,-5.8774,1.19,HOLD,0.0,app-2026-01-21.log
2026-01-21 13:52:39,neutral,-3.97,-2.9669,0.69,HOLD,0.0,app-2026-01-21.log
2026-01-21 13:55:39,neutral,-3.87,0.991,1.32,HOLD,0.0,app-2026-01-21.log
2026-01-21 13:58:39,neutral,-3.93,3.8842,0.69,HOLD,0.0,app-2026-01-21.log
2026-01-21 14:01:39,neutral,-3.94,6.6459,0.84,HOLD,0.0,app-2026-01-21.log
2026-01-21 14:04:39,neutral,-3.96,8.6714,0.81,HOLD,0.0,app-2026-01-21.log
2026-01-21 14:07:39,neutral,-3.99,9.7158,0.82,HOLD,0.0,app-2026-01-21.log
2026-01-21 14:10:05,neutral,-3.96,11.4023,1.06,HOLD,0.0,app-2026-01-21.log
2026-01-21 14:13:39,neutral,-3.96,12.7481,0.94,HOLD,0.0,app-2026-01-21.log
2026-01-21 14:16:40,neutral,-4.0,11.4361,0.76,HOLD,0.0,app-2026-01-21.log
2026-01-21 14:19:39,neutral,-3.95,10.6925,1.24,HOLD,0.0,app-2026-01-21.log
2026-01-21 14:22:39,neutral,-4.01,9.5767,0.7,HOLD,0.0,app-2026-01-21.log
2026-01-21 14:25:39,neutral,-4.11,6.3075,0.58,HOLD,0.0,app-2026-01-21.log
2026-01-21 14:28:39,neutral,-4.1,4.0714,1.05,HOLD,0.0,app-2026-01-21.log
2026-01-21 14:31:39,neutral,-4.17,0.188,0.66,HOLD,0.0,app-2026-01-21.log
2026-01-21 14:33:57,neutral,-4.09,-3.1316,1.39,HOLD,0.0,app-2026-01-21.log
2026-01-21 14:36:57,neutral,-4.12,-6.2887,0.83,HOLD,0.0,app-2026-01-21.log
2026-01-21 14:39:57,neutral,-4.14,-8.6782,0.86,HOLD,0.0,app-2026-01-21.log
2026-01-21 14:42:57,neutral,-4.13,-9.5511,1.09,HOLD,0.0,app-2026-01-21.log
2026-01-21 14:45:57,neutral,-4.14,-10.3654,0.96,HOLD,0.0,app-2026-01-21.log
2026-01-21 14:48:57,neutral,-4.21,-11.0857,0.59,HOLD,0.0,app-2026-01-21.log
2026-01-21 14:51:57,neutral,-4.16,-11.594,1.35,HOLD,0.0,app-2026-01-21.log
2026-01-21 14:55:39,neutral,-4.07,-9.7692,1.45,HOLD,0.0,app-2026-01-21.log
2026-01-21 14:58:39,neutral,-4.06,-8.2594,1.05,HOLD,0.0,app-2026-01-21.log
2026-01-22 09:30:44,neutral,-4.01,-6.2617,1.32,HOLD,0.3,app-2026-01-22.log
2026-01-22 09:33:44,neutral,-3.01,6.2173,1.5,HOLD,0.0,app-2026-01-22.log
2026-01-22 09:36:44,neutral,-3.41,13.1444,0.51,HOLD,0.0,app-2026-01-22.log
2026-01-22 09:39:44,neutral,-3.7,16.5489,0.53,HOLD,0.0,app-2026-01-22.log
2026-01-22 09:42:44,neutral,-3.81,18.4617,0.7,HOLD,0.0,app-2026-01-22.log
2026-01-22 09:45:44,neutral,-3.71,20.8752,1.25,HOLD,0.0,app-2026-01-22.log
2026-01-22 09:48:44,neutral,-3.67,23.9835,1.08,HOLD,0.0,app-2026-01-22.log
2026-01-22 09:51:44,neutral,-3.69,25.9226,0.91,HOLD,0.0,app-2026-01-22.log
2026-01-22 09:54:44,neutral,-3.71,26.0263,0.89,HOLD,0.0,app-2026-01-22.log
2026-01-22 09:57:44,neutral,-3.69,26.0338,1.02,HOLD,0.0,app-2026-01-22.log
2026-01-22 10:00:44,neutral,-3.58,25.9143,1.25,HOLD,0.0,app-2026-01-22.log
2026-01-22 10:03:44,neutral,-3.61,25.7932,0.88,HOLD,0.0,app-2026-01-22.log
2026-01-22 10:06:44,neutral,-3.61,24.7677,0.94,HOLD,0.0,app-2026-01-22.log
2026-01-22 10:09:44,neutral,-3.49,24.1722,1.26,HOLD,0.0,app-2026-01-22.log
2026-01-22 10:12:44,neutral,-3.49,23.0038,0.94,HOLD,0.0,app-2026-01-22.log
2026-01-22 10:15:45,neutral,-3.56,20.2647,0.76,HOLD,0.0,app-2026-01-22.log
2026-01-22 10:18:44,neutral,-3.61,15.406,0.79,HOLD,0.0,app-2026-01-22.log
2026-01-22 10:21:45,neutral,-3.58,10.8925,1.05,HOLD,0.0,app-2026-01-22.log
2026-01-22 10:24:44,neutral,-3.39,8.8571,1.37,HOLD,0.0,app-2026-01-22.log
2026-01-22 10:27:44,neutral,-3.41,5.9368,0.88,HOLD,0.0,app-2026-01-22.log
2026-01-22 10:30:44,neutral,-3.49,1.9083,0.71,HOLD,0.0,app-2026-01-22.log
2026-01-22 10:33:44,neutral,-3.55,8.4496,0.78,HOLD,0.0,app-2026-01-22.log
2026-01-22 10:36:44,neutral,-3.51,11.3549,1.05,HOLD,0.0,app-2026-01-22.log
2026-01-22 10:39:44,neutral,-3.35,12.6038,1.33,HOLD,0.0,app-2026-01-22.log
2026-01-22 10:42:44,neutral,-3.24,13.3767,1.24,HOLD,0.0,app-2026-01-22.log
2026-01-22 10:45:45,neutral,-3.38,13.2233,0.63,HOLD,0.0,app-2026-01-22.log
2026-01-22 10:48:44,neutral,-3.43,12.7226,0.83,HOLD,0.0,app-2026-01-22.log
2026-01-22 10:51:44,neutral,-3.49,11.0444,0.78,HOLD,0.0,app-2026-01-22.log
2026-01-22 10:54:44,neutral,-3.58,7.9195,0.73,HOLD,0.0,app-2026-01-22.log
2026-01-22 10:57:44,neutral,-3.46,6.2,1.27,HOLD,0.0,app-2026-01-22.log
2026-01-22 11:00:44,neutral,-3.52,4.7992,0.78,HOLD,0.0,app-2026-01-22.log
2026-01-22 11:03:46,neutral,-3.52,3.018,0.95,HOLD,0.0,app-2026-01-22.log
2026-01-22 11:06:45,neutral,-3.65,-0.2165,0.67,HOLD,0.0,app-2026-01-22.log
2026-01-22 11:09:44,neutral,-3.68,-2.3308,0.87,HOLD,0.0,app-2026-01-22.log
2026-01-22 11:12:44,neutral,-3.73,-4.7489,0.83,HOLD,0.0,app-2026-01-22.log
2026-01-22 11:15:44,neutral,-3.79,-8.4075,0.79,HOLD,0.0,app-2026-01-22.log
2026-01-22 11:18:44,neutral,-3.82,-12.7391,0.89,HOLD,0.0,app-2026-01-22.log
2026-01-22 11:21:44,neutral,-3.88,-17.0729,0.8,HOLD,0.0,app-2026-01-22.log
2026-01-22 11:24:44,neutral,-3.84,-18.3805,1.07,HOLD,0.0,app-2026-01-22.log
2026-01-22 11:27:44,neutral,-3.82,-19.215,1.01,HOLD,0.0,app-2026-01-22.log
2026-01-23 09:36:34,neutral,-3.83,-20.7398,0.92,HOLD,0.3,app-2026-01-23.log
2026-01-23 09:39:34,neutral,-3.03,-13.9519,1.5,HOLD,0.0,app-2026-01-23.log
2026-01-23 09:42:34,neutral,-2.99,-6.9015,1.01,HOLD,0.0,app-2026-01-23.log
2026-01-23 09:45:34,neutral,-3.02,1.1654,0.86,HOLD,0.0,app-2026-01-23.log
2026-01-23 09:48:34,neutral,-3.17,8.494,0.64,HOLD,0.0,app-2026-01-23.log
2026-01-23 09:51:34,neutral,-2.98,16.1722,1.33,HOLD,0.0,app-2026-01-23.log
2026-01-23 09:54:34,neutral,-2.86,24.0992,1.17,HOLD,0.0,app-2026-01-23.log
2026-01-23 09:57:34,neutral,-2.85,30.7752,0.95,HOLD,0.0,app-2026-01-23.log
2026-01-23 10:00:34,neutral,-2.65,37.8429,1.32,HOLD,0.0,app-2026-01-23.log
2026-01-23 10:03:34,neutral,-2.65,45.2263,0.9,HOLD,0.0,app-2026-01-23.log
2026-01-23 10:06:34,neutral,-2.55,52.0451,1.15,HOLD,0.0,app-2026-01-23.log
2026-01-23 10:09:34,neutral,-2.66,56.5534,0.67,HOLD,0.0,app-2026-01-23.log
2026-01-23 10:12:49,neutral,-2.73,57.9233,0.75,HOLD,0.0,app-2026-01-23.log
2026-01-23 10:15:51,neutral,-2.48,60.5511,1.45,HOLD,0.0,app-2026-01-23.log
2026-01-23 10:18:49,neutral,-2.65,59.4617,0.57,HOLD,0.0,app-2026-01-23.log
2026-01-23 10:21:49,neutral,-2.58,57.1707,1.15,HOLD,0.0,app-2026-01-23.log
2026-01-23 10:24:49,neutral,-2.63,52.6098,0.75,HOLD,0.0,app-2026-01-23.log
2026-01-23 10:27:49,neutral,-2.56,46.7857,1.15,HOLD,0.0,app-2026-01-23.log
2026-01-23 10:30:49,neutral,-2.59,39.5579,0.8,HOLD,0.0,app-2026-01-23.log
2026-01-23 10:33:49,neutral,-2.65,30.5594,0.75,HOLD,0.0,app-2026-01-23.log
2026-01-23 10:36:49,neutral,-2.73,19.2398,0.7,HOLD,0.0,app-2026-01-23.log
2026-01-23 10:39:49,neutral,-2.76,15.8564,0.82,HOLD,0.0,app-2026-01-23.log
2026-01-23 10:42:49,neutral,-2.73,12.9316,1.02,HOLD,0.0,app-2026-01-23.log
2026-01-23 10:45:49,neutral,-2.74,9.3008,0.9,HOLD,0.0,app-2026-01-23.log
2026-01-23 10:48:49,neutral,-2.72,3.7083,1.0,HOLD,0.0,app-2026-01-23.log
2026-01-23 10:51:49,neutral,-2.83,-1.2602,0.64,HOLD,0.0,app-2026-01-23.log
2026-01-23 10:54:49,neutral,-2.86,-5.3917,0.83,HOLD,0.0,app-2026-01-23.log
2026-01-23 10:57:49,neutral,-2.81,-8.7925,1.1,HOLD,0.0,app-2026-01-23.log
2026-01-23 11:00:49,neutral,-2.84,-10.1241,0.86,HOLD,0.0,app-2026-01-23.log
2026-01-23 11:03:49,neutral,-2.81,-11.0511,1.02,HOLD,0.0,app-2026-01-23.log
2026-01-23 11:06:49,neutral,-2.73,-9.7135,1.19,HOLD,0.0,app-2026-01-23.log
2026-01-23 11:09:49,neutral,-2.74,-9.5865,0.9,HOLD,0.0,app-2026-01-23.log
2026-01-23 11:12:49,neutral,-2.7,-9.7203,1.05,HOLD,0.0,app-2026-01-23.log
2026-01-23 11:15:49,neutral,-2.79,-7.909,0.69,HOLD,0.0,app-2026-01-23.log
2026-01-23 11:18:49,neutral,-2.79,-7.7857,0.93,HOLD,0.0,app-2026-01-23.log
2026-01-23 11:21:49,neutral,-2.67,-5.3632,1.3,HOLD,0.0,app-2026-01-23.log
2026-01-23 11:24:49,neutral,-2.72,-4.0241,0.78,HOLD,0.0,app-2026-01-23.log
2026-01-23 11:27:49,neutral,-2.71,-1.5699,0.96,HOLD,0.0,app-2026-01-23.log
2026-01-23 13:00:49,neutral,-2.6,1.818,1.27,HOLD,0.0,app-2026-01-23.log
2026-01-23 13:03:49,neutral,-2.46,6.0248,1.32,HOLD,0.0,app-2026-01-23.log
2026-01-23 13:06:49,neutral,-2.52,8.4338,0.74,HOLD,0.0,app-2026-01-23.log
2026-01-23 13:09:49,neutral,-2.61,9.3308,0.69,HOLD,0.0,app-2026-01-23.log
2026-01-23 13:12:49,neutral,-2.53,11.1992,1.16,HOLD,0.0,app-2026-01-23.log
2026-01-23 13:15:49,neutral,-2.53,12.7459,0.9,HOLD,0.0,app-2026-01-23.log
2026-01-23 13:18:49,neutral,-2.52,14.409,0.93,HOLD,0.0,app-2026-01-23.log
2026-01-23 13:21:49,neutral,-2.37,16.1218,1.33,HOLD,0.0,app-2026-01-23.log
2026-01-23 13:24:49,neutral,-2.38,16.8639,0.86,HOLD,0.0,app-2026-01-23.log
2026-01-23 13:27:49,neutral,-2.41,17.3744,0.79,HOLD,0.0,app-2026-01-23.log
2026-01-23 13:30:49,neutral,-2.24,18.9579,1.36,HOLD,0.0,app-2026-01-23.log
2026-01-23 13:33:49,neutral,-2.34,19.0361,0.63,HOLD,0.0,app-2026-01-23.log
2026-01-23 13:36:34,neutral,-1.89,24.4038,1.49,HOLD,0.0,app-2026-01-23.log
2026-01-23 13:39:34,good,-1.42,33.6977,1.5,HOLD,0.0,app-2026-01-23.log
2026-01-23 13:42:34,good,-1.5,41.1827,0.66,HOLD,0.0,app-2026-01-23.log
2026-01-23 13:45:33,good,-1.63,44.885,0.58,HOLD,0.0,app-2026-01-23.log
2026-01-23 13:48:35,good,-1.85,44.8744,0.52,HOLD,0.0,app-2026-01-23.log
2026-01-23 13:51:34,good,-1.79,45.7617,1.09,HOLD,0.0,app-2026-01-23.log
2026-01-23 13:54:34,good,-1.83,44.718,0.79,HOLD,0.0,app-2026-01-23.log
2026-01-23 13:57:34,good,-1.88,42.2361,0.74,HOLD,0.0,app-2026-01-23.log
2026-01-23 14:00:35,good,-1.85,40.485,1.05,HOLD,0.0,app-2026-01-23.log
2026-01-23 14:03:49,good,-1.87,39.2662,0.85,HOLD,0.0,app-2026-01-23.log
2026-01-23 14:06:49,good,-1.95,35.7662,0.67,HOLD,0.0,app-2026-01-23.log
2026-01-23 14:09:49,good,-1.73,33.0023,1.45,HOLD,0.0,app-2026-01-23.log
2026-01-23 14:12:49,good,-1.74,30.0248,0.87,HOLD,0.0,app-2026-01-23.log
2026-01-23 14:15:49,good,-1.87,24.8459,0.6,HOLD,0.0,app-2026-01-23.log
2026-01-23 14:18:49,good,-1.78,19.9429,1.24,HOLD,0.0,app-2026-01-23.log
2026-01-23 14:21:49,good,-1.8,15.7609,0.84,HOLD,0.0,app-2026-01-23.log
2026-01-23 14:24:49,good,-1.81,10.8165,0.9,HOLD,0.0,app-2026-01-23.log
2026-01-23 14:27:49,good,-1.79,5.0669,0.99,HOLD,0.0,app-2026-01-23.log
2026-01-23 14:30:49,good,-1.8,0.5707,0.9,HOLD,0.0,app-2026-01-23.log
2026-01-23 14:33:49,good,-1.87,-6.4977,0.67,HOLD,0.0,app-2026-01-23.log
2026-01-23 14:36:49,good,-1.93,-9.2955,0.73,HOLD,0.0,app-2026-01-23.log
2026-01-23 14:39:49,good,-1.92,-6.4534,0.96,HOLD,0.0,app-2026-01-23.log
2026-01-23 14:42:49,good,-1.99,-4.6662,0.69,HOLD,0.0,app-2026-01-23.log
2026-01-23 14:45:49,good,-1.84,-2.3301,1.38,HOLD,0.0,app-2026-01-23.log
2026-01-23 14:48:49,good,-1.86,-2.5113,0.86,HOLD,0.0,app-2026-01-23.log
2026-01-23 14:51:49,good,-1.88,-2.3346,0.82,HOLD,0.0,app-2026-01-23.log
2026-01-23 14:54:49,good,-1.89,-2.4947,0.89,HOLD,0.0,app-2026-01-23.log
2026-01-23 14:57:49,good,-2.0,-4.3744,0.61,HOLD,0.0,app-2026-01-23.log
2026-01-27 09:30:01,neutral,-1.89,-4.6271,1.28,HOLD,0.0,app-2026-01-27.log
2026-01-27 09:33:58,neutral,-1.47,-0.5353,1.5,HOLD,0.0,app-2026-01-27.log
2026-01-27 09:36:58,neutral,-1.72,-0.5737,0.52,HOLD,0.0,app-2026-01-27.log
2026-01-27 09:51:12,neutral,-2.03,-1.5414,0.51,HOLD,0.3,app-2026-01-27.log
2026-01-27 10:00:05,neutral,-5.12,-35.506,0.5,HOLD,0.6,app-2026-01-27.log
2026-01-27 10:05:27,neutral,-5.12,-67.1113,1.01,HOLD,0.6,app-2026-01-27.log
2026-01-27 10:22:21,neutral,-5.12,-94.0323,1.01,HOLD,0.6,app-2026-01-27.log
2026-01-27 10:49:18,neutral,-5.12,-117.4361,1.01,HOLD,0.6,app-2026-01-27.log
2026-01-27 10:52:19,neutral,-2.31,-107.0271,1.5,HOLD,0.0,app-2026-01-27.log
2026-01-27 10:55:19,neutral,-2.33,-95.9699,0.97,HOLD,0.0,app-2026-01-27.log
2026-01-27 10:58:19,neutral,-2.37,-84.8158,0.95,HOLD,0.0,app-2026-01-27.log
2026-01-27 11:01:19,neutral,-2.35,-73.7782,0.99,HOLD,0.0,app-2026-01-27.log
2026-01-27 11:04:19,neutral,-2.29,-62.1782,1.03,HOLD,0.0,app-2026-01-27.log
2026-01-27 11:07:20,neutral,-2.21,-49.2602,1.03,HOLD,0.0,app-2026-01-27.log
2026-01-27 11:11:03,neutral,-2.19,-36.585,0.99,HOLD,0.0,app-2026-01-27.log
2026-01-27 11:14:03,neutral,-2.29,-23.0173,0.9,HOLD,0.0,app-2026-01-27.log
2026-01-27 11:17:03,neutral,-2.26,-8.8083,1.0,HOLD,0.0,app-2026-01-27.log
2026-01-27 11:20:03,neutral,-2.38,4.2662,0.89,HOLD,0.0,app-2026-01-27.log
2026-01-27 11:23:03,neutral,-2.36,18.0797,1.0,HOLD,0.0,app-2026-01-27.log
2026-01-27 11:26:03,neutral,-2.19,32.9707,1.11,HOLD,0.0,app-2026-01-27.log
2026-01-27 11:29:03,neutral,-2.1,50.2038,1.05,HOLD,0.0,app-2026-01-27.log
2026-01-27 13:02:03,neutral,-2.16,72.0609,0.93,HOLD,0.0,app-2026-01-27.log
2026-01-27 13:05:03,neutral,-1.72,96.4271,1.29,HOLD,0.0,app-2026-01-27.log
2026-01-27 13:08:03,good,-1.87,115.6075,0.88,HOLD,0.0,app-2026-01-27.log
2026-01-27 13:11:03,good,-1.91,97.5015,0.96,HOLD,0.0,app-2026-01-27.log
2026-01-27 13:14:03,good,-1.85,76.3669,1.03,HOLD,0.0,app-2026-01-27.log
2026-01-27 13:16:18,good,-1.63,53.9263,1.16,HOLD,0.0,app-2026-01-27.log
2026-01-27 13:19:18,good,-1.59,27.9857,1.02,HOLD,0.0,app-2026-01-27.log
2026-01-27 13:22:18,good,-1.59,31.2541,0.98,HOLD,0.0,app-2026-01-27.log
2026-01-27 13:25:18,good,-1.71,32.3842,0.9,HOLD,0.0,app-2026-01-27.log
2026-01-27 13:29:03,good,-1.66,32.8128,1.02,HOLD,0.0,app-2026-01-27.log
2026-01-27 13:31:18,good,-1.33,36.1211,1.22,HOLD,0.0,app-2026-01-27.log
2026-01-27 13:34:20,good,-1.37,38.597,0.95,HOLD,0.0,app-2026-01-27.log
2026-01-27 13:38:03,good,-1.38,40.8398,0.98,HOLD,0.0,app-2026-01-27.log
2026-01-27 13:41:03,good,-1.3,43.3113,1.05,HOLD,0.0,app-2026-01-27.log
2026-01-27 13:44:03,good,-0.94,47.4511,1.24,HOLD,0.0,app-2026-01-27.log
2026-01-27 13:47:03,good,-0.97,50.0767,0.95,HOLD,0.0,app-2026-01-27.log
2026-01-27 13:50:03,good,-0.81,51.603,1.11,HOLD,0.0,app-2026-01-27.log
2026-01-27 13:53:03,good,-0.7,52.7248,1.06,HOLD,0.0,app-2026-01-27.log
2026-01-27 13:56:03,good,-0.85,52.4474,0.86,HOLD,0.0,app-2026-01-27.log
2026-01-27 13:59:03,good,-0.84,51.8038,0.99,HOLD,0.0,app-2026-01-27.log
2026-01-27 14:02:03,good,-0.73,50.2286,1.06,HOLD,0.0,app-2026-01-27.log
2026-01-27 14:05:03,good,-0.69,52.5902,1.0,HOLD,0.0,app-2026-01-27.log
2026-01-27 14:08:03,good,-0.76,51.3699,0.92,HOLD,0.0,app-2026-01-27.log
2026-01-27 14:11:03,good,-0.79,48.0391,0.94,HOLD,0.0,app-2026-01-27.log
2026-01-27 14:14:03,good,-0.93,42.6316,0.87,HOLD,0.0,app-2026-01-27.log
2026-01-28 09:50:03,neutral,-0.96,38.512,0.95,HOLD,0.0,app-2026-01-28.log
2026-01-28 09:53:03,good,-1.63,26.9316,0.6,HOLD,0.0,app-2026-01-28.log
2026-01-28 09:56:03,good,-1.78,13.7391,0.87,HOLD,0.0,app-2026-01-28.log
2026-01-28 09:59:03,good,-1.71,0.2323,1.04,HOLD,0.0,app-2026-01-28.log
2026-01-28 10:02:03,good,-1.63,-11.8789,1.05,HOLD,0.0,app-2026-01-28.log
2026-01-28 10:05:03,good,-1.72,-21.1466,0.92,HOLD,0.0,app-2026-01-28.log
2026-01-28 10:08:04,good,-1.95,-32.9406,0.81,HOLD,0.0,app-2026-01-28.log
2026-01-28 10:11:44,good,-1.92,-43.8639,1.0,HOLD,0.0,app-2026-01-28.log
2026-01-28 10:14:44,good,-1.92,-53.1105,0.92,HOLD,0.0,app-2026-01-28.log
2026-01-28 10:17:44,good,-2.0,-58.3008,0.83,HOLD,0.0,app-2026-01-28.log
2026-01-28 10:20:44,good,-1.92,-61.8947,0.99,HOLD,0.0,app-2026-01-28.log
2026-01-28 10:23:44,good,-1.89,-62.1459,0.94,HOLD,0.0,app-2026-01-28.log
2026-01-28 10:26:44,good,-1.8,-58.8985,1.24,HOLD,0.0,app-2026-01-28.log
2026-01-28 10:29:44,good,-1.85,-56.685,0.81,HOLD,0.0,app-2026-01-28.log
2026-01-28 10:32:04,good,-1.7,-51.6075,1.34,HOLD,0.0,app-2026-01-28.log
2026-01-28 10:35:44,good,-1.82,-45.6241,0.65,HOLD,0.0,app-2026-01-28.log
2026-01-28 10:38:44,good,-1.92,-39.0368,0.71,HOLD,0.0,app-2026-01-28.log
2026-01-28 10:41:44,good,-1.88,-31.3511,1.1,HOLD,0.0,app-2026-01-28.log
2026-01-28 10:44:44,good,-1.9,-23.0729,0.9,HOLD,0.0,app-2026-01-28.log
2026-01-28 10:47:44,good,-1.89,-15.1489,0.97,HOLD,0.0,app-2026-01-28.log
2026-01-28 10:50:44,good,-1.8,-5.4594,1.23,HOLD,0.0,app-2026-01-28.log
2026-01-28 10:53:44,good,-1.9,-3.8421,0.7,HOLD,0.0,app-2026-01-28.log
2026-01-28 10:56:44,good,-1.94,-4.1368,0.83,HOLD,0.0,app-2026-01-28.log
2026-01-28 10:59:44,good,-2.01,-4.1398,0.77,HOLD,0.3,app-2026-01-28.log
2026-01-28 11:02:44,good,-1.99,-2.6083,1.04,HOLD,0.0,app-2026-01-28.log
2026-01-28 11:05:44,good,-1.91,-0.8985,1.21,HOLD,0.0,app-2026-01-28.log
2026-01-28 11:08:44,good,-2.05,-3.2195,0.64,HOLD,0.0,app-2026-01-28.log
2026-01-28 11:11:28,good,-2.03,-4.882,1.06,HOLD,0.0,app-2026-01-28.log
2026-01-28 11:14:04,good,-2.02,-6.1865,1.04,HOLD,0.0,app-2026-01-28.log
2026-01-28 11:17:44,good,-2.18,-10.0684,0.6,HOLD,0.0,app-2026-01-28.log
2026-01-28 11:20:44,good,-2.24,-13.5045,0.83,HOLD,0.0,app-2026-01-28.log
2026-01-28 11:23:44,good,-2.11,-14.8526,1.36,HOLD,0.0,app-2026-01-28.log
2026-01-28 11:26:44,good,-2.13,-14.9917,0.96,HOLD,0.0,app-2026-01-28.log
2026-01-28 11:29:44,good,-2.04,-14.4008,1.27,HOLD,0.0,app-2026-01-28.log
2026-01-28 13:02:03,good,-2.1,-12.4677,0.82,HOLD,0.0,app-2026-01-28.log
2026-01-28 13:05:03,good,-2.17,-12.3977,0.79,HOLD,0.0,app-2026-01-28.log
2026-01-28 13:08:03,good,-2.19,-13.2451,0.99,HOLD,0.0,app-2026-01-28.log
2026-01-28 13:11:03,good,-2.12,-12.5579,1.25,HOLD,0.0,app-2026-01-28.log
2026-01-28 13:14:03,good,-2.03,-10.8782,1.31,HOLD,0.0,app-2026-01-28.log
2026-01-28 13:17:03,good,-2.03,-9.0323,1.06,HOLD,0.0,app-2026-01-28.log
2026-01-28 13:20:44,good,-2.13,-6.9233,0.73,HOLD,0.0,app-2026-01-28.log
2026-01-28 13:23:44,good,-2.17,-6.0398,0.93,HOLD,0.0,app-2026-01-28.log
2026-01-28 13:26:44,good,-2.18,-5.5293,1.04,HOLD,0.0,app-2026-01-28.log
2026-01-28 13:29:44,good,-2.16,-5.3549,1.17,HOLD,0.0,app-2026-01-28.log
2026-01-28 13:32:44,good,-2.18,-4.988,1.0,HOLD,0.0,app-2026-01-28.log
2026-01-28 13:35:44,good,-2.2,-3.6571,1.03,HOLD,0.0,app-2026-01-28.log
2026-01-28 13:38:44,good,-2.27,-4.3992,0.83,HOLD,0.0,app-2026-01-28.log
2026-01-28 13:41:44,good,-2.29,-4.8992,1.01,HOLD,0.0,app-2026-01-28.log
2026-01-28 13:44:44,good,-2.29,-4.9008,1.11,HOLD,0.0,app-2026-01-28.log
2026-01-28 13:47:44,good,-2.31,-6.7474,1.01,HOLD,0.0,app-2026-01-28.log
2026-01-28 13:50:45,good,-2.27,-8.6669,1.25,HOLD,0.0,app-2026-01-28.log
2026-01-28 13:53:44,good,-2.3,-9.3917,0.85,HOLD,0.0,app-2026-01-28.log
2026-01-28 13:56:44,good,-2.35,-10.5594,0.79,HOLD,0.0,app-2026-01-28.log
2026-01-28 13:59:44,good,-2.44,-11.4654,0.6,HOLD,0.0,app-2026-01-28.log
2026-01-28 14:02:44,good,-2.42,-12.4263,1.2,HOLD,0.0,app-2026-01-28.log
2026-01-28 14:05:44,good,-2.46,-14.2902,0.85,HOLD,0.0,app-2026-01-28.log
2026-01-28 14:08:44,good,-2.44,-15.8045,1.18,HOLD,0.0,app-2026-01-28.log
2026-01-28 14:11:44,good,-2.43,-16.0865,1.16,HOLD,0.0,app-2026-01-28.log
2026-01-28 14:14:03,good,-2.39,-14.5218,1.29,HOLD,0.0,app-2026-01-28.log
2026-01-28 14:17:44,good,-2.4,-12.7444,0.93,HOLD,0.0,app-2026-01-28.log
2026-01-28 14:20:44,good,-2.37,-11.3316,1.26,HOLD,0.0,app-2026-01-28.log
2026-01-28 14:23:44,good,-2.42,-10.6662,0.72,HOLD,0.0,app-2026-01-28.log
2026-01-28 14:26:44,good,-2.33,-8.9932,1.44,HOLD,0.0,app-2026-01-28.log
2026-01-28 14:29:44,good,-2.45,-8.0977,0.55,HOLD,0.0,app-2026-01-28.log
2026-01-28 14:32:44,good,-2.35,-6.0632,1.47,HOLD,0.0,app-2026-01-28.log
2026-01-28 14:35:44,good,-2.36,-4.1805,0.98,HOLD,0.0,app-2026-01-28.log
2026-01-28 14:38:44,good,-2.29,-2.2444,1.4,HOLD,0.0,app-2026-01-28.log
2026-01-28 14:41:44,good,-2.45,-2.2827,0.51,HOLD,0.0,app-2026-01-28.log
2026-01-28 14:44:44,good,-2.54,-3.0962,0.58,HOLD,0.0,app-2026-01-28.log
2026-01-28 14:47:44,good,-2.57,-4.1624,0.89,HOLD,0.0,app-2026-01-28.log
2026-01-28 14:50:44,good,-2.53,-3.9444,1.34,HOLD,0.0,app-2026-01-28.log
2026-01-28 14:53:44,good,-2.56,-4.188,0.84,HOLD,0.0,app-2026-01-28.log
2026-01-28 14:56:45,good,-2.48,-3.8338,1.43,HOLD,0.0,app-2026-01-28.log
2026-01-28 14:59:44,good,-2.45,-4.1617,1.24,HOLD,0.0,app-2026-01-28.log
2026-01-29 09:39:29,neutral,-2.39,-3.582,1.38,HOLD,0.3,app-2026-01-29.log
2026-01-29 09:42:30,neutral,-2.75,-7.3489,0.5,HOLD,0.0,app-2026-01-29.log
2026-01-29 09:45:30,neutral,-2.63,-9.2323,1.46,HOLD,0.0,app-2026-01-29.log
2026-01-29 09:48:30,neutral,-2.61,-10.4985,1.17,HOLD,0.0,app-2026-01-29.log
2026-01-29 09:51:30,neutral,-2.71,-12.1406,0.61,HOLD,0.0,app-2026-01-29.log
2026-01-29 09:54:29,neutral,-2.48,-11.1782,1.49,HOLD,0.0,app-2026-01-29.log
2026-01-29 09:57:31,neutral,-2.3,-7.7564,1.48,HOLD,0.0,app-2026-01-29.log
2026-01-29 10:00:31,neutral,-2.21,-4.0541,1.38,HOLD,0.0,app-2026-01-29.log
2026-01-29 10:03:31,neutral,-1.47,8.2797,1.5,HOLD,0.0,app-2026-01-29.log
2026-01-29 10:06:31,good,-1.56,17.3759,0.69,HOLD,0.0,app-2026-01-29.log
2026-01-29 10:09:31,good,-1.5,27.3323,1.16,HOLD,0.0,app-2026-01-29.log
2026-01-29 10:12:31,good,-0.88,42.8947,1.5,HOLD,0.0,app-2026-01-29.log
2026-01-29 10:15:31,good,-0.46,62.0331,1.49,HOLD,0.0,app-2026-01-29.log
2026-01-29 10:18:31,good,-0.83,73.1805,0.51,HOLD,0.0,app-2026-01-29.log
2026-01-29 10:21:31,good,-0.78,81.9699,1.07,HOLD,0.0,app-2026-01-29.log
2026-01-29 10:24:31,good,-0.98,86.3699,0.59,HOLD,0.0,app-2026-01-29.log
2026-01-29 10:27:31,good,-0.98,89.4925,0.93,HOLD,0.0,app-2026-01-29.log
2026-01-29 10:30:31,good,-1.2,88.1301,0.57,HOLD,0.0,app-2026-01-29.log
2026-01-29 10:33:32,good,-1.28,85.2594,0.75,HOLD,0.0,app-2026-01-29.log
2026-01-29 10:36:31,good,-1.38,80.218,0.71,HOLD,0.0,app-2026-01-29.log
2026-01-29 10:39:31,good,-1.44,74.1256,0.81,HOLD,0.0,app-2026-01-29.log
2026-01-29 10:42:31,good,-1.33,63.8774,1.23,HOLD,0.0,app-2026-01-29.log
2026-01-29 10:45:31,good,-1.42,52.5143,0.73,HOLD,0.0,app-2026-01-29.log
2026-01-29 10:48:32,good,-1.41,40.1481,0.97,HOLD,0.0,app-2026-01-29.log
2026-01-29 10:51:31,good,-1.37,25.6556,1.04,HOLD,0.0,app-2026-01-29.log
2026-01-29 10:54:32,good,-1.49,10.9917,0.68,HOLD,0.0,app-2026-01-29.log
2026-01-29 10:57:31,good,-1.54,-3.1248,0.83,HOLD,0.0,app-2026-01-29.log
2026-01-29 11:00:31,good,-1.44,-15.9962,1.19,HOLD,0.0,app-2026-01-29.log
2026-01-29 11:03:31,good,-1.34,-19.9752,1.19,HOLD,0.0,app-2026-01-29.log
2026-01-29 11:06:31,good,-1.36,-25.3008,0.89,HOLD,0.0,app-2026-01-29.log
2026-01-29 11:09:31,good,-1.46,-31.2429,0.7,HOLD,0.0,app-2026-01-29.log
2026-01-29 11:12:31,good,-1.68,-32.1361,0.58,HOLD,0.0,app-2026-01-29.log
2026-01-29 11:15:32,good,-1.68,-27.1677,0.95,HOLD,0.0,app-2026-01-29.log
2026-01-29 11:18:31,good,-1.61,-24.5617,1.11,HOLD,0.0,app-2026-01-29.log
2026-01-29 11:21:31,good,-1.69,-21.3331,0.76,HOLD,0.0,app-2026-01-29.log
2026-01-29 11:24:31,good,-1.53,-17.6812,1.3,HOLD,0.0,app-2026-01-29.log
2026-01-29 11:27:31,good,-1.59,-13.9564,0.82,HOLD,0.0,app-2026-01-29.log
2026-01-29 13:00:32,good,-1.75,-13.8481,0.64,HOLD,0.0,app-2026-01-29.log
2026-01-29 13:03:31,good,-1.75,-14.1835,0.93,HOLD,0.0,app-2026-01-29.log
2026-01-29 13:06:31,good,-1.84,-16.2008,0.75,HOLD,0.0,app-2026-01-29.log
2026-01-29 13:09:31,good,-1.69,-16.7323,1.3,HOLD,0.0,app-2026-01-29.log
2026-01-29 13:12:31,good,-1.69,-15.6346,0.95,HOLD,0.0,app-2026-01-29.log
2026-01-29 13:15:31,good,-1.84,-16.7241,0.67,HOLD,0.0,app-2026-01-29.log
2026-01-29 13:18:32,good,-1.82,-17.0135,1.0,HOLD,0.0,app-2026-01-29.log
2026-01-29 13:21:31,good,-1.72,-15.382,1.18,HOLD,0.0,app-2026-01-29.log
2026-01-29 13:24:31,good,-1.72,-14.8331,0.94,HOLD,0.0,app-2026-01-29.log
2026-01-29 13:27:31,good,-1.77,-15.0338,0.85,HOLD,0.0,app-2026-01-29.log
2026-01-29 13:30:31,good,-1.99,-16.185,0.58,HOLD,0.0,app-2026-01-29.log
2026-01-29 13:33:31,good,-2.14,-17.2128,0.65,HOLD,0.0,app-2026-01-29.log
2026-01-29 13:36:31,good,-1.99,-15.8594,1.3,HOLD,0.0,app-2026-01-29.log
2026-01-29 13:39:32,good,-1.86,-13.7038,1.25,HOLD,0.0,app-2026-01-29.log
2026-01-29 13:42:31,good,-1.83,-13.2865,1.02,HOLD,0.0,app-2026-01-29.log
2026-01-29 13:45:32,good,-1.83,-12.7579,0.93,HOLD,0.0,app-2026-01-29.log
2026-01-29 13:48:33,good,-1.95,-12.494,0.7,HOLD,0.0,app-2026-01-29.log
2026-01-29 13:51:31,good,-2.18,-15.3586,0.57,HOLD,0.0,app-2026-01-29.log
2026-01-29 13:54:31,good,-2.12,-15.1195,1.13,HOLD,0.0,app-2026-01-29.log
2026-01-29 13:57:31,good,-2.11,-14.6774,1.01,HOLD,0.0,app-2026-01-29.log
2026-01-29 14:00:31,good,-2.2,-16.485,0.77,HOLD,0.0,app-2026-01-29.log
2026-01-29 14:03:31,good,-2.19,-17.809,1.05,HOLD,0.0,app-2026-01-29.log
2026-01-29 14:06:32,good,-2.13,-19.1165,1.18,HOLD,0.0,app-2026-01-29.log
2026-01-29 14:09:31,good,-2.12,-18.1992,1.06,HOLD,0.0,app-2026-01-29.log
2026-01-29 14:12:32,good,-2.16,-17.1835,0.94,HOLD,0.0,app-2026-01-29.log
2026-01-29 14:15:31,good,-2.29,-18.7609,0.64,HOLD,0.0,app-2026-01-29.log
2026-01-29 14:18:31,good,-2.38,-20.5459,0.73,HOLD,0.0,app-2026-01-29.log
2026-01-29 14:21:31,good,-2.05,-17.0609,1.5,HOLD,0.0,app-2026-01-29.log
2026-01-29 14:24:31,good,-2.06,-13.3346,1.03,HOLD,0.0,app-2026-01-29.log
2026-01-29 14:27:31,good,-2.0,-9.0444,1.3,HOLD,0.0,app-2026-01-29.log
2026-01-29 14:30:31,good,-1.85,-5.4376,1.45,HOLD,0.0,app-2026-01-29.log
2026-01-29 14:33:31,good,-2.05,-5.9917,0.53,HOLD,0.0,app-2026-01-29.log
2026-01-29 14:36:31,good,-2.11,-5.4609,0.8,HOLD,0.0,app-2026-01-29.log
2026-01-29 14:39:31,good,-2.11,-3.3504,1.03,HOLD,0.0,app-2026-01-29.log
2026-01-29 14:42:31,good,-2.19,-1.3895,0.74,HOLD,0.0,app-2026-01-29.log
2026-01-29 14:45:31,good,-2.13,1.5729,1.29,HOLD,0.0,app-2026-01-29.log
2026-01-29 14:48:32,good,-2.13,3.4383,1.01,HOLD,0.0,app-2026-01-29.log
2026-01-29 14:51:31,good,-2.15,2.5481,0.99,HOLD,0.0,app-2026-01-29.log
2026-01-29 14:54:31,good,-2.12,2.6752,1.16,HOLD,0.0,app-2026-01-29.log
2026-01-29 14:57:31,good,-2.09,3.2887,1.16,HOLD,0.0,app-2026-01-29.log
2026-01-30 10:28:21,neutral,-2.13,2.4549,0.89,HOLD,0.3,app-2026-01-30.log
2026-01-30 10:31:21,neutral,-2.46,-1.9925,0.5,HOLD,0.0,app-2026-01-30.log
2026-01-30 10:34:20,neutral,-2.58,-6.6955,0.67,HOLD,0.0,app-2026-01-30.log
2026-01-30 10:37:21,neutral,-3.03,-15.6143,0.5,HOLD,0.0,app-2026-01-30.log
2026-01-30 10:40:21,neutral,-2.65,-19.9226,1.5,HOLD,0.0,app-2026-01-30.log
2026-01-30 10:43:21,neutral,-2.57,-24.3647,1.29,HOLD,0.0,app-2026-01-30.log
2026-01-30 10:46:22,neutral,-2.6,-29.7902,0.96,HOLD,0.0,app-2026-01-30.log
2026-01-30 10:50:00,neutral,-2.78,-33.0594,0.59,HOLD,0.0,app-2026-01-30.log
2026-01-30 10:53:00,neutral,-2.71,-34.9338,1.26,HOLD,0.0,app-2026-01-30.log
2026-01-30 10:56:00,neutral,-2.89,-37.2594,0.6,HOLD,0.0,app-2026-01-30.log
2026-01-30 10:59:00,neutral,-3.13,-39.2586,0.55,HOLD,0.0,app-2026-01-30.log
2026-01-30 11:02:00,neutral,-3.18,-42.7241,0.91,HOLD,0.0,app-2026-01-30.log
2026-01-30 11:05:00,neutral,-3.11,-44.912,1.26,HOLD,0.0,app-2026-01-30.log
2026-01-30 11:08:00,neutral,-3.15,-46.4594,0.93,HOLD,0.0,app-2026-01-30.log
2026-01-30 11:11:00,neutral,-2.95,-45.5496,1.45,HOLD,0.0,app-2026-01-30.log
2026-01-30 11:14:00,neutral,-3.02,-43.8293,0.82,HOLD,0.0,app-2026-01-30.log
2026-01-30 11:17:00,neutral,-3.03,-41.282,1.03,HOLD,0.0,app-2026-01-30.log
2026-01-30 11:19:22,neutral,-2.99,-37.4722,1.19,HOLD,0.0,app-2026-01-30.log
2026-01-30 11:23:00,neutral,-3.08,-33.3692,0.77,HOLD,0.0,app-2026-01-30.log
2026-01-30 11:26:00,neutral,-2.92,-26.0632,1.42,HOLD,0.0,app-2026-01-30.log
2026-01-30 11:29:00,neutral,-2.95,-18.6226,0.92,HOLD,0.0,app-2026-01-30.log
2026-01-30 13:02:00,neutral,-2.98,-14.5744,0.93,HOLD,0.0,app-2026-01-30.log
2026-01-30 13:05:00,neutral,-2.86,-10.0135,1.36,HOLD,0.0,app-2026-01-30.log
2026-01-30 13:08:00,neutral,-2.77,-9.4977,1.31,HOLD,0.0,app-2026-01-30.log
2026-01-30 13:11:00,neutral,-2.7,-4.1226,1.25,HOLD,0.0,app-2026-01-30.log
2026-01-30 13:14:00,neutral,-2.77,1.6301,0.84,HOLD,0.0,app-2026-01-30.log
2026-01-30 13:17:00,neutral,-2.72,7.8165,1.19,HOLD,0.0,app-2026-01-30.log
2026-01-30 13:20:00,neutral,-2.77,11.3767,0.83,HOLD,0.0,app-2026-01-30.log
2026-01-30 13:23:00,neutral,-2.63,17.203,1.39,HOLD,0.0,app-2026-01-30.log
2026-01-30 13:26:00,neutral,-2.65,20.6489,0.97,HOLD,0.0,app-2026-01-30.log
2026-01-30 13:29:00,neutral,-2.71,20.3947,0.81,HOLD,0.0,app-2026-01-30.log
2026-01-30 13:32:00,neutral,-2.72,18.9398,0.97,HOLD,0.0,app-2026-01-30.log
2026-01-30 13:35:00,neutral,-2.64,18.6331,1.27,HOLD,0.0,app-2026-01-30.log
2026-01-30 13:38:00,neutral,-2.82,15.3789,0.58,HOLD,0.0,app-2026-01-30.log
2026-01-30 13:41:00,neutral,-2.68,15.6835,1.38,HOLD,0.0,app-2026-01-30.log
2026-01-30 13:44:00,neutral,-2.69,14.7774,0.99,HOLD,0.0,app-2026-01-30.log
2026-01-30 13:47:00,neutral,-2.55,14.8135,1.36,HOLD,0.0,app-2026-01-30.log
2026-01-30 13:50:00,neutral,-2.73,12.888,0.58,HOLD,0.0,app-2026-01-30.log
2026-01-30 13:53:00,neutral,-2.51,11.9669,1.46,HOLD,0.0,app-2026-01-30.log
2026-01-30 13:56:00,neutral,-2.58,11.6128,0.79,HOLD,0.0,app-2026-01-30.log
2026-01-30 13:59:00,neutral,-2.57,10.4632,1.04,HOLD,0.0,app-2026-01-30.log
2026-01-30 14:02:00,neutral,-2.69,7.2835,0.67,HOLD,0.0,app-2026-01-30.log
2026-01-30 14:05:00,neutral,-2.73,4.7256,0.87,HOLD,0.0,app-2026-01-30.log
2026-01-30 14:08:00,neutral,-2.43,6.4271,1.49,HOLD,0.0,app-2026-01-30.log
2026-01-30 14:11:00,neutral,-2.34,9.4714,1.26,HOLD,0.0,app-2026-01-30.log
2026-01-30 14:14:00,neutral,-2.12,13.7188,1.45,HOLD,0.0,app-2026-01-30.log
2026-01-30 14:17:00,neutral,0.0,54.6466,1.5,HOLD,0.0,app-2026-01-30.log
2026-01-30 14:20:00,good,0.0,90.5992,0.95,HOLD,0.0,app-2026-01-30.log
2026-01-30 14:23:00,good,-0.01,123.4105,0.92,HOLD,0.0,app-2026-01-30.log
2026-01-30 14:26:00,good,-0.02,151.4947,0.93,HOLD,0.0,app-2026-01-30.log
2026-01-30 14:29:00,good,-0.04,174.2218,0.92,HOLD,0.0,app-2026-01-30.log
2026-01-30 14:32:01,good,-0.09,191.7361,0.88,HOLD,0.0,app-2026-01-30.log
2026-01-30 14:35:00,good,-0.1,205.612,0.91,HOLD,0.0,app-2026-01-30.log
2026-01-30 14:38:00,good,-0.09,213.0301,0.92,HOLD,0.0,app-2026-01-30.log
2026-01-30 14:41:00,good,-0.1,217.385,0.91,HOLD,0.0,app-2026-01-30.log
2026-01-30 14:44:00,good,-0.07,217.6286,0.95,HOLD,0.0,app-2026-01-30.log
2026-02-02 13:02:46,neutral,-0.06,215.1008,0.93,HOLD,0.0,app-2026-02-02.log
2026-02-02 13:05:46,good,-1.67,188.6594,0.5,HOLD,0.0,app-2026-02-02.log
2026-02-02 13:08:46,good,-1.77,161.0692,0.86,HOLD,0.0,app-2026-02-02.log
2026-02-02 13:11:47,good,-1.88,129.1692,0.85,HOLD,0.0,app-2026-02-02.log
2026-02-02 13:15:10,good,-1.86,95.2414,0.96,HOLD,0.0,app-2026-02-02.log
2026-02-02 13:18:11,good,-1.82,58.0008,0.97,HOLD,0.0,app-2026-02-02.log
2026-02-02 13:21:12,good,-1.91,16.8602,0.86,HOLD,0.0,app-2026-02-02.log
2026-02-02 13:24:10,good,-1.9,-22.991,0.94,HOLD,0.0,app-2026-02-02.log
2026-02-02 13:27:10,good,-1.99,-64.8008,0.87,HOLD,0.0,app-2026-02-02.log
2026-02-02 13:30:10,good,-2.05,-106.5677,0.89,HOLD,0.3,app-2026-02-02.log
2026-02-02 13:33:10,good,-1.98,-108.4128,1.0,HOLD,0.0,app-2026-02-02.log
2026-02-02 13:36:10,good,-1.99,-107.8045,0.94,HOLD,0.0,app-2026-02-02.log
2026-02-02 13:39:10,good,-2.02,-105.4406,0.91,HOLD,0.0,app-2026-02-02.log
2026-02-02 13:42:10,good,-2.01,-100.7368,0.96,HOLD,0.0,app-2026-02-02.log
2026-02-02 13:44:46,good,-1.92,-92.9977,1.02,HOLD,0.0,app-2026-02-02.log
2026-02-02 13:48:10,good,-2.06,-85.2639,0.82,HOLD,0.0,app-2026-02-02.log
2026-02-02 13:51:10,good,-2.21,-76.9662,0.82,HOLD,0.0,app-2026-02-02.log
2026-02-02 13:54:11,good,-2.14,-65.4045,1.01,HOLD,0.0,app-2026-02-02.log
2026-02-02 13:57:10,good,-2.36,-54.0895,0.77,HOLD,0.0,app-2026-02-02.log
2026-02-02 14:00:10,good,-2.22,-38.2549,1.08,HOLD,0.0,app-2026-02-02.log
2026-02-02 14:03:10,good,-1.97,-17.1353,1.17,HOLD,0.0,app-2026-02-02.log
2026-02-02 14:06:11,good,-2.04,-13.8398,0.89,HOLD,0.0,app-2026-02-02.log
2026-02-02 14:09:10,good,-2.02,-11.185,0.96,HOLD,0.0,app-2026-02-02.log
2026-02-02 14:12:10,good,-2.17,-11.212,0.82,HOLD,0.0,app-2026-02-02.log
2026-02-02 14:15:10,good,-2.19,-10.8068,0.94,HOLD,0.0,app-2026-02-02.log
2026-02-02 14:18:10,good,-2.15,-9.2564,0.98,HOLD,0.0,app-2026-02-02.log
2026-02-02 14:21:11,good,-2.37,-10.6391,0.78,HOLD,0.0,app-2026-02-02.log
2026-02-02 14:24:11,good,-2.38,-11.5812,0.94,HOLD,0.0,app-2026-02-02.log
2026-02-02 14:27:10,good,-2.42,-13.4812,0.91,HOLD,0.0,app-2026-02-02.log
2026-02-02 14:30:12,good,-2.53,-16.8459,0.86,HOLD,0.0,app-2026-02-02.log
2026-02-02 14:33:10,good,-2.51,-18.5692,0.98,HOLD,0.0,app-2026-02-02.log
2026-02-02 14:36:10,good,-2.57,-20.3699,0.9,HOLD,0.0,app-2026-02-02.log
2026-02-02 14:39:10,good,-2.57,-21.8895,0.96,HOLD,0.0,app-2026-02-02.log
2026-02-02 14:42:11,good,-2.66,-23.6842,0.87,HOLD,0.0,app-2026-02-02.log
2026-02-02 14:45:11,good,-2.63,-23.3564,0.98,HOLD,0.0,app-2026-02-02.log
2026-02-02 14:48:10,good,-2.77,-25.4917,0.83,HOLD,0.0,app-2026-02-02.log
2026-02-02 14:51:11,good,-2.87,-29.609,0.87,HOLD,0.0,app-2026-02-02.log
2026-02-02 14:54:10,good,-2.93,-32.7429,0.91,HOLD,0.0,app-2026-02-02.log
2026-02-02 14:57:10,good,-2.89,-37.2684,1.0,HOLD,0.0,app-2026-02-02.log
2026-02-03 09:32:31,neutral,-2.67,-36.994,1.17,HOLD,0.3,app-2026-02-03.log
2026-02-03 09:35:31,neutral,-2.16,-27.7985,1.49,HOLD,0.0,app-2026-02-03.log
2026-02-03 09:38:31,neutral,-1.95,-16.8128,1.37,HOLD,0.0,app-2026-02-03.log
2026-02-03 09:41:31,neutral,-1.99,-6.1496,0.99,HOLD,0.0,app-2026-02-03.log
2026-02-03 09:44:33,neutral,-1.93,3.3015,1.17,HOLD,0.0,app-2026-02-03.log
2026-02-03 09:48:31,good,-1.74,14.2962,1.34,HOLD,0.0,app-2026-02-03.log
2026-02-03 09:51:31,good,-2.08,21.4902,0.59,HOLD,0.0,app-2026-02-03.log
2026-02-03 09:54:31,good,-2.15,25.3737,0.94,HOLD,0.0,app-2026-02-03.log
2026-02-03 09:57:31,good,-2.26,27.6353,0.85,HOLD,0.0,app-2026-02-03.log
2026-02-03 10:00:31,good,-2.06,31.3692,1.35,HOLD,0.0,app-2026-02-03.log
2026-02-03 10:03:31,good,-2.08,33.209,1.03,HOLD,0.0,app-2026-02-03.log
2026-02-03 10:06:31,good,-2.04,35.2128,1.12,HOLD,0.0,app-2026-02-03.log
2026-02-03 10:09:31,good,-2.02,36.2308,1.09,HOLD,0.0,app-2026-02-03.log
2026-02-03 10:12:31,good,-2.04,36.3519,0.91,HOLD,0.0,app-2026-02-03.log
2026-02-03 10:15:31,good,-2.29,32.0647,0.53,HOLD,0.0,app-2026-02-03.log
2026-02-03 10:18:31,good,-2.49,25.4947,0.56,HOLD,0.0,app-2026-02-03.log
2026-02-03 10:21:31,good,-2.39,18.1985,1.32,HOLD,0.0,app-2026-02-03.log
2026-02-03 10:24:31,good,-2.21,11.1602,1.42,HOLD,0.0,app-2026-02-03.log
2026-02-03 10:27:31,good,-2.22,2.5722,0.98,HOLD,0.0,app-2026-02-03.log
2026-02-03 10:30:31,good,-2.44,-8.7857,0.55,HOLD,0.0,app-2026-02-03.log
2026-02-03 10:33:31,good,-2.48,-18.2992,0.89,HOLD,0.0,app-2026-02-03.log
2026-02-03 10:36:31,good,-2.64,-23.7549,0.61,HOLD,0.0,app-2026-02-03.log
2026-02-03 10:39:31,good,-2.7,-26.7812,0.82,HOLD,0.0,app-2026-02-03.log
2026-02-03 10:42:31,good,-2.62,-28.5068,1.27,HOLD,0.0,app-2026-02-03.log
2026-02-03 10:45:31,good,-2.77,-30.4699,0.62,HOLD,0.0,app-2026-02-03.log
2026-02-03 10:48:31,good,-2.91,-30.7383,0.66,HOLD,0.0,app-2026-02-03.log
2026-02-03 10:51:31,good,-3.01,-34.815,0.74,HOLD,0.0,app-2026-02-03.log
2026-02-03 10:54:31,good,-2.82,-36.5752,1.43,HOLD,0.0,app-2026-02-03.log
2026-02-03 10:57:31,good,-2.63,-36.8474,1.43,HOLD,0.0,app-2026-02-03.log
2026-02-03 11:00:31,good,-2.62,-34.1541,1.05,HOLD,0.0,app-2026-02-03.log
2026-02-03 11:03:31,good,-2.7,-31.9301,0.75,HOLD,0.0,app-2026-02-03.log
2026-02-03 11:06:31,good,-2.62,-27.6639,1.27,HOLD,0.0,app-2026-02-03.log
2026-02-03 11:09:31,good,-2.7,-23.3248,0.77,HOLD,0.0,app-2026-02-03.log
2026-02-03 11:12:31,good,-2.69,-18.4654,1.04,HOLD,0.0,app-2026-02-03.log
2026-02-03 11:15:31,good,-2.66,-15.397,1.13,HOLD,0.0,app-2026-02-03.log
2026-02-03 11:18:31,good,-2.55,-13.1489,1.32,HOLD,0.0,app-2026-02-03.log
2026-02-03 11:21:31,good,-2.49,-8.9556,1.19,HOLD,0.0,app-2026-02-03.log
2026-02-03 11:24:31,good,-2.26,-0.015,1.46,HOLD,0.0,app-2026-02-03.log
2026-02-03 11:27:31,good,-2.24,9.0662,1.03,HOLD,0.0,app-2026-02-03.log
2026-02-06 09:56:13,neutral,-2.33,14.5158,0.71,HOLD,0.3,app-2026-02-06.log
2026-02-06 09:57:04,neutral,-2.33,14.5158,0.71,HOLD,0.3,app-2026-02-06.log
2026-02-06 10:00:04,neutral,-3.3,8.8556,0.5,HOLD,0.0,app-2026-02-06.log
2026-02-06 10:03:04,neutral,-3.15,3.9135,1.33,HOLD,0.0,app-2026-02-06.log
2026-02-06 10:06:04,neutral,-3.42,-4.2045,0.57,HOLD,0.0,app-2026-02-06.log
2026-02-06 10:09:04,neutral,-3.48,-11.1023,0.88,HOLD,0.0,app-2026-02-06.log
2026-02-06 10:12:04,neutral,-3.65,-20.7526,0.67,HOLD,0.0,app-2026-02-06.log
2026-02-06 10:15:04,neutral,-3.57,-30.1451,1.21,HOLD,0.0,app-2026-02-06.log
2026-02-06 10:18:04,neutral,-3.76,-42.0586,0.64,HOLD,0.0,app-2026-02-06.log
2026-02-06 10:21:05,neutral,-3.22,-44.9887,1.49,HOLD,0.0,app-2026-02-06.log
2026-02-06 10:24:04,neutral,-2.95,-42.2368,1.41,HOLD,0.0,app-2026-02-06.log
2026-02-06 10:27:04,neutral,-2.88,-38.2504,1.11,HOLD,0.0,app-2026-02-06.log
2026-02-06 10:30:04,neutral,-2.86,-34.785,1.03,HOLD,0.0,app-2026-02-06.log
2026-02-06 10:33:04,neutral,-2.82,-29.6684,1.11,HOLD,0.0,app-2026-02-06.log
2026-02-06 10:36:04,neutral,-2.86,-25.6977,0.93,HOLD,0.0,app-2026-02-06.log
2026-02-06 10:39:04,neutral,-2.69,-19.609,1.35,HOLD,0.0,app-2026-02-06.log
2026-02-06 10:42:04,neutral,-2.69,-13.1316,1.01,HOLD,0.0,app-2026-02-06.log
2026-02-06 10:45:04,neutral,-2.68,-5.2376,1.04,HOLD,0.0,app-2026-02-06.log
2026-02-06 10:48:04,neutral,-2.78,2.4602,0.79,HOLD,0.0,app-2026-02-06.log
2026-02-06 10:51:05,neutral,-2.77,13.4549,1.04,HOLD,0.0,app-2026-02-06.log
2026-02-06 10:54:04,neutral,-2.86,24.1797,0.78,HOLD,0.0,app-2026-02-06.log
2026-02-06 10:57:05,neutral,-2.84,34.7549,1.07,HOLD,0.0,app-2026-02-06.log
2026-02-06 11:00:04,neutral,-2.76,35.1008,1.2,HOLD,0.0,app-2026-02-06.log
2026-02-06 11:03:04,neutral,-2.78,36.5203,0.97,HOLD,0.0,app-2026-02-06.log
2026-02-06 11:06:04,neutral,-2.76,34.4316,1.07,HOLD,0.0,app-2026-02-06.log
2026-02-06 11:09:04,neutral,-2.69,31.6331,1.17,HOLD,0.0,app-2026-02-06.log
2026-02-06 11:12:04,neutral,-2.67,26.1113,1.05,HOLD,0.0,app-2026-02-06.log
2026-02-06 11:15:04,neutral,-2.68,20.3797,0.97,HOLD,0.0,app-2026-02-06.log
2026-02-06 11:18:05,neutral,-2.67,11.3707,1.0,HOLD,0.0,app-2026-02-06.log
2026-02-06 11:21:04,neutral,-2.67,7.7135,1.02,HOLD,0.0,app-2026-02-06.log
2026-02-06 11:24:04,neutral,-2.65,6.8947,1.05,HOLD,0.0,app-2026-02-06.log
2026-02-06 11:27:04,neutral,-2.82,4.591,0.64,HOLD,0.0,app-2026-02-06.log
2026-02-09 10:32:08,neutral,-2.72,3.5519,1.23,HOLD,0.3,app-2026-02-09.log
2026-02-27 14:31:28,neutral,-3.78,-7.7361,0.5,HOLD,0.3,app-2026-02-27.log
2026-02-27 14:34:54,neutral,-3.73,-17.1165,1.11,HOLD,0.3,app-2026-02-27.log
2026-02-27 14:35:22,neutral,-3.73,-25.3774,1.0,HOLD,0.0,app-2026-02-27.log
2026-02-27 14:38:22,neutral,-3.76,-32.5925,0.96,HOLD,0.0,app-2026-02-27.log
2026-02-27 14:41:22,neutral,-3.73,-39.4617,1.05,HOLD,0.0,app-2026-02-27.log
2026-02-27 14:44:22,neutral,-3.69,-44.6128,1.09,HOLD,0.0,app-2026-02-27.log
2026-02-27 14:47:22,neutral,-3.72,-50.2211,0.95,HOLD,0.0,app-2026-02-27.log
2026-02-27 14:50:22,neutral,-3.64,-53.682,1.16,HOLD,0.0,app-2026-02-27.log
2026-02-27 14:53:22,neutral,-3.61,-55.0429,1.05,HOLD,0.0,app-2026-02-27.log
2026-02-27 14:56:22,neutral,-3.58,-55.2346,1.08,HOLD,0.0,app-2026-02-27.log
2026-02-27 14:59:22,neutral,-3.58,-54.3466,0.99,HOLD,0.0,app-2026-02-27.log
