equity,timestamp
69921.21,2026-01-06 09:19:25.395686
69921.21,2026-01-06 09:22:24.258222
69913.21,2026-01-06 09:25:24.212787
69913.21,2026-01-06 09:28:24.155706
70060.21,2026-01-06 09:31:24.268306
70363.21,2026-01-06 09:34:24.480777
70461.21,2026-01-06 09:37:24.356814
70905.21,2026-01-06 09:40:25.893159
70524.21,2026-01-06 09:49:48.120078
70640.21,2026-01-06 09:52:46.756364
70671.21,2026-01-06 09:55:48.138538
70695.21,2026-01-06 09:58:47.098032
70751.21,2026-01-06 10:01:46.958116
70735.21,2026-01-06 10:04:46.692709
70767.21,2026-01-06 10:07:47.778313
70740.21,2026-01-06 10:10:47.279722
70717.21,2026-01-06 10:13:46.786350
70671.21,2026-01-06 10:16:46.799724
70647.21,2026-01-06 10:17:48.794476
70676.21,2026-01-06 10:20:46.918516
70694.21,2026-01-06 10:21:46.849829
70707.21,2026-01-06 10:24:46.728932
70669.21,2026-01-06 10:25:46.600671
70550.21,2026-01-06 10:27:29.142013
70523.21,2026-01-06 10:30:30.170246
70495.21,2026-01-06 10:31:50.057154
70503.21,2026-01-06 10:32:46.648888
70502.21,2026-01-06 10:35:46.566850
70272.21,2026-01-06 10:38:46.926768
70247.21,2026-01-06 10:41:46.592277
70227.21,2026-01-06 10:44:46.691810
70257.21,2026-01-06 10:47:46.528087
70306.21,2026-01-06 10:50:48.078261
70357.21,2026-01-06 10:54:46.515141
70421.21,2026-01-06 10:57:46.754522
70372.21,2026-01-06 11:00:47.369381
70371.21,2026-01-06 11:03:46.668800
70353.21,2026-01-06 11:06:46.995342
70358.21,2026-01-06 11:09:46.892455
70350.21,2026-01-06 11:12:46.728044
70399.21,2026-01-06 11:15:50.939003
70432.21,2026-01-06 11:18:51.861547
70498.21,2026-01-06 11:21:46.620281
70481.21,2026-01-06 11:24:47.127050
70454.21,2026-01-06 11:27:46.574890
70426.21,2026-01-06 11:30:49.814539
70423.20999999999,2026-01-06 13:00:48.115023
70375.21,2026-01-06 13:03:46.398969
70466.21,2026-01-06 13:06:46.622661
70444.21,2026-01-06 13:09:46.494683
70400.21,2026-01-06 13:12:46.572121
70429.21,2026-01-06 13:15:47.917267
70489.21,2026-01-06 13:18:48.243769
70486.21,2026-01-06 13:19:11.687836
70506.21,2026-01-06 13:22:09.460668
70465.21,2026-01-06 13:25:09.365912
70493.21,2026-01-06 13:28:09.451679
70459.21,2026-01-06 13:31:09.164452
70413.21,2026-01-06 13:34:09.912584
70463.21,2026-01-06 13:37:11.071604
70406.21,2026-01-06 13:40:47.016815
70381.21,2026-01-06 13:43:46.579272
70307.21,2026-01-06 13:46:46.710638
70348.21,2026-01-06 13:49:46.729131
70481.21,2026-01-06 13:52:46.606896
70536.21,2026-01-06 13:55:47.903527
70484.21,2026-01-06 13:58:46.598501
70532.21,2026-01-06 14:01:51.695954
70618.21,2026-01-06 14:04:48.350081
70618.21,2026-01-06 14:04:49.249926
70658.21,2026-01-06 14:06:37.963418
70599.21,2026-01-06 14:08:49.069311
70663.21,2026-01-06 14:11:19.312374
70656.21,2026-01-06 14:13:24.019860
70709.21,2026-01-06 14:15:12.031377
70766.21,2026-01-06 14:18:09.367255
70699.21,2026-01-06 14:21:09.811964
70696.21,2026-01-06 14:22:46.799723
70777.21,2026-01-06 14:25:46.661525
70737.21,2026-01-06 14:28:46.834521
70745.21,2026-01-06 14:31:46.839502
70743.21,2026-01-06 14:34:46.760941
70717.21,2026-01-06 14:37:46.885943
70725.21,2026-01-06 14:38:46.832093
70753.21,2026-01-06 14:41:46.886237
70735.21,2026-01-06 14:44:48.403641
70722.21,2026-01-06 14:47:46.952617
70725.21,2026-01-06 14:50:48.309387
70732.21,2026-01-06 14:51:46.732663
70796.21,2026-01-06 14:54:44.484663
70809.21,2026-01-06 14:57:44.713133
70650.21,2026-01-07 09:25:30.441138
70650.21,2026-01-07 09:28:34.714269
70526.21,2026-01-07 09:31:37.856723
70531.21,2026-01-07 09:34:29.763757
70665.21,2026-01-07 09:37:29.693626
70748.21,2026-01-07 09:40:30.520031
70771.21,2026-01-07 09:43:30.365765
70793.21,2026-01-07 09:47:17.385201
70796.21,2026-01-07 09:50:18.934439
70785.21,2026-01-07 09:53:17.264110
70652.21,2026-01-07 09:56:17.336198
70592.21,2026-01-07 09:59:20.671189
70626.21,2026-01-07 10:02:17.531474
70564.21,2026-01-07 10:05:17.189640
70557.21,2026-01-07 10:08:17.336512
70493.21,2026-01-07 10:11:17.334988
70507.21,2026-01-07 10:14:17.303640
70514.21,2026-01-07 10:17:17.554864
70322.21,2026-01-07 10:20:07.890654
70228.21,2026-01-07 10:22:29.251329
70129.21,2026-01-07 10:24:03.770125
70118.21,2026-01-07 10:27:03.735573
70134.21,2026-01-07 10:27:37.248466
70145.21,2026-01-07 10:29:12.371634
70220.21,2026-01-07 10:32:13.455577
70236.21,2026-01-07 10:35:12.090082
70242.21,2026-01-07 10:38:13.045422
70228.21,2026-01-07 10:41:12.684840
70256.21,2026-01-07 10:43:22.965513
70259.21,2026-01-07 10:46:21.106658
70256.21,2026-01-07 10:47:06.434309
70201.21,2026-01-07 10:50:10.442476
70195.21,2026-01-07 10:53:06.948074
70237.21,2026-01-07 10:56:07.420719
70245.21,2026-01-07 10:59:07.393035
70286.21,2026-01-07 11:02:07.192689
70294.21,2026-01-07 11:05:07.491619
70308.21,2026-01-07 11:08:18.705371
70338.21,2026-01-07 11:11:18.183565
70269.21,2026-01-07 11:14:20.141651
70300.21,2026-01-07 11:17:19.552550
70328.21,2026-01-07 11:20:05.806044
70376.21,2026-01-07 11:23:18.968915
70430.21,2026-01-07 11:26:18.675743
70432.21,2026-01-07 11:29:20.010867
70492.21,2026-01-07 13:02:19.557606
70428.21,2026-01-07 13:05:19.777301
70443.21,2026-01-07 13:08:18.541242
70371.21,2026-01-07 13:11:19.725248
70397.21,2026-01-07 13:14:19.003165
70482.21,2026-01-07 13:17:19.396630
70422.21,2026-01-07 13:20:05.883255
70368.21,2026-01-07 13:23:18.210963
70305.21,2026-01-07 13:26:17.937588
70184.21,2026-01-07 13:29:18.042538
70190.21,2026-01-07 13:32:18.005946
70198.21,2026-01-07 13:35:18.015329
70206.21,2026-01-07 13:38:18.108200
70129.21,2026-01-07 13:41:17.851870
70067.21,2026-01-07 13:44:17.919891
70112.21,2026-01-07 13:47:17.744015
70120.21,2026-01-07 13:50:18.060729
70106.21,2026-01-07 13:53:17.761259
70161.21,2026-01-07 13:56:17.970909
70150.21,2026-01-07 13:59:17.928468
70204.21,2026-01-07 14:02:17.848063
70176.21,2026-01-07 14:05:18.046185
70185.21,2026-01-07 14:08:17.881620
70182.21,2026-01-07 14:11:17.990802
70245.21,2026-01-07 14:14:17.617177
70232.21,2026-01-07 14:17:17.949588
70209.21,2026-01-07 14:20:18.026862
70207.21,2026-01-07 14:23:18.168935
70251.21,2026-01-07 14:26:07.031145
70203.21,2026-01-07 14:29:19.153995
70096.21,2026-01-07 14:32:22.328791
70085.21,2026-01-07 14:35:06.990210
70025.21,2026-01-07 14:38:19.331124
70091.21,2026-01-07 14:41:18.191246
70030.21,2026-01-07 14:44:18.628882
70009.21,2026-01-07 14:47:18.748727
70086.21,2026-01-07 14:50:20.252611
70062.21,2026-01-07 14:53:18.474209
70111.21,2026-01-07 14:56:18.363530
70144.21,2026-01-07 14:59:19.907793
70133.21,2026-01-07 18:38:18.725629
70133.21,2026-01-07 18:41:20.887185
70133.21,2026-01-07 18:44:19.234753
70133.21,2026-01-07 18:45:11.212990
70133.21,2026-01-07 18:48:09.253296
70133.21,2026-01-07 22:15:55.651551
70133.21,2026-01-08 09:21:26.885936
70133.21,2026-01-08 09:24:24.803450
69976.21,2026-01-08 09:27:25.331129
69976.21,2026-01-08 09:29:46.823700
69976.21,2026-01-08 09:30:10.339504
69880.21,2026-01-08 09:32:25.200071
70028.21,2026-01-08 09:35:24.391824
70022.21,2026-01-08 09:36:33.916155
69972.21,2026-01-08 09:39:31.754634
70097.21,2026-01-08 09:49:17.294883
70049.21,2026-01-08 09:52:15.465522
70249.21,2026-01-08 09:55:20.028834
70249.21,2026-01-08 09:55:20.814829
70247.21,2026-01-08 09:58:17.019241
70311.21,2026-01-08 10:01:17.210275
70319.21,2026-01-08 10:04:17.249198
70216.21,2026-01-08 10:07:18.503813
70241.21,2026-01-08 10:08:37.969327
70273.21,2026-01-08 10:11:38.371673
70265.21,2026-01-08 10:14:36.890388
70258.21,2026-01-08 10:17:42.408387
70258.21,2026-01-08 10:17:43.055552
70263.21,2026-01-08 10:18:17.586924
70372.21,2026-01-08 10:21:16.437771
70353.21,2026-01-08 10:24:16.334061
70350.21,2026-01-08 10:27:16.485817
70365.21,2026-01-08 10:30:16.417579
70387.21,2026-01-08 10:33:16.810856
70378.21,2026-01-08 10:36:22.050189
70416.21,2026-01-08 10:39:16.765923
70436.21,2026-01-08 10:42:16.466601
70524.21,2026-01-08 10:45:16.482373
70598.21,2026-01-08 10:48:16.812353
70587.21,2026-01-08 10:51:49.175919
70509.21,2026-01-08 10:54:49.311687
70540.21,2026-01-08 10:57:50.309513
70516.21,2026-01-08 11:02:31.156599
70516.21,2026-01-08 11:03:37.871614
70528.21,2026-01-08 11:09:50.786569
70559.21,2026-01-08 11:12:50.929304
70599.21,2026-01-08 11:26:40.735652
70550.21,2026-01-08 11:29:39.446325
70577.21,2026-01-08 11:37:58.364606
70552.21,2026-01-08 13:02:28.234711
70577.21,2026-01-08 13:05:27.283939
70559.21,2026-01-08 13:07:59.230560
70603.21,2026-01-08 13:09:54.520013
70637.21,2026-01-08 13:17:03.946524
70772.21,2026-01-08 13:20:03.475614
70739.21,2026-01-08 13:40:49.067220
70731.21,2026-01-08 13:43:47.887894
70761.21,2026-01-08 13:46:47.786038
70709.21,2026-01-08 13:49:47.975838
70690.21,2026-01-08 13:52:48.014481
70723.21,2026-01-08 13:55:47.845501
70808.21,2026-01-08 13:58:47.954027
70818.21,2026-01-08 14:01:51.557148
70772.21,2026-01-08 14:05:50.697315
70788.21,2026-01-08 14:08:49.767234
70651.21,2026-01-08 14:10:49.493786
70616.21,2026-01-08 14:11:56.745999
70561.21,2026-01-08 14:14:54.004099
70528.21,2026-01-08 14:15:19.020066
70597.21,2026-01-08 14:18:17.761340
70644.21,2026-01-08 14:21:18.017650
70641.21,2026-01-08 14:22:44.626440
70671.21,2026-01-08 14:24:31.068953
70663.21,2026-01-08 14:27:32.196897
70694.21,2026-01-08 14:28:40.246993
70806.21,2026-01-08 14:31:39.051416
70753.20999999999,2026-01-08 14:34:39.023682
70767.21,2026-01-08 14:35:56.672690
70780.21,2026-01-08 14:38:54.940395
70755.21,2026-01-08 14:41:54.910609
70714.21,2026-01-08 14:44:55.060253
70736.21,2026-01-08 14:47:54.830704
70717.21,2026-01-08 14:50:54.831331
70692.21,2026-01-08 14:53:57.164135
70742.20999999999,2026-01-08 14:57:48.746188
70677.21,2026-01-09 09:27:08.340591
70677.21,2026-01-09 09:30:07.485079
70959.21,2026-01-09 09:33:06.722156
71089.21,2026-01-09 09:36:06.478424
71262.21,2026-01-09 09:39:06.967373
71223.21,2026-01-09 09:42:06.770063
71390.21,2026-01-09 09:45:07.862138
71526.21,2026-01-09 09:49:02.385932
71502.21,2026-01-09 09:52:00.886613
71701.21,2026-01-09 09:55:00.755807
71646.21,2026-01-09 09:58:00.808890
71597.21,2026-01-09 10:01:00.692557
71620.21,2026-01-09 10:04:01.161732
71557.21,2026-01-09 10:07:00.807243
71640.21,2026-01-09 10:10:00.718415
71581.21,2026-01-09 10:12:07.792358
71510.21,2026-01-09 10:15:07.775479
71671.21,2026-01-09 10:19:01.294352
71676.21,2026-01-09 10:22:00.755313
71593.21,2026-01-09 10:25:01.499098
71579.21,2026-01-09 10:28:01.280939
71893.21,2026-01-09 10:31:00.912749
71839.21,2026-01-09 10:33:07.594061
71886.21,2026-01-09 10:37:00.854847
71889.21,2026-01-09 10:40:00.987995
71853.21,2026-01-09 10:43:00.905175
71828.21,2026-01-09 10:46:01.073064
71829.21,2026-01-09 10:49:01.166661
71827.21,2026-01-09 10:52:02.158491
71775.21,2026-01-09 10:55:01.256245
71635.21,2026-01-09 10:58:01.809547
71648.21,2026-01-09 11:01:02.985037
71525.21,2026-01-09 11:04:01.051858
71475.21,2026-01-09 11:07:01.160482
71523.21,2026-01-09 11:10:02.390156
71607.21,2026-01-09 11:13:01.032541
71612.21,2026-01-09 11:16:02.680499
71525.21,2026-01-09 11:19:01.527734
71532.21,2026-01-09 11:22:00.896500
71337.21,2026-01-09 11:25:02.890129
71297.21,2026-01-09 11:28:02.761190
71291.21,2026-01-09 11:59:51.251197
71291.21,2026-01-09 12:07:42.212221
71291.21,2026-01-09 12:10:40.603728
71291.21,2026-01-09 12:12:01.143260
71291.21,2026-01-09 12:13:01.002731
71291.21,2026-01-09 12:16:01.565203
71291.21,2026-01-09 12:19:00.840317
71291.21,2026-01-09 12:22:00.778099
71291.21,2026-01-09 12:25:00.914248
71291.21,2026-01-09 12:28:01.293907
71291.21,2026-01-09 12:31:02.309936
71291.21,2026-01-09 12:35:00.688246
71291.21,2026-01-09 12:38:01.708812
71291.21,2026-01-09 12:41:00.668737
71291.21,2026-01-09 12:44:00.994305
71291.21,2026-01-09 12:47:00.856480
71291.21,2026-01-09 12:50:00.917922
71291.21,2026-01-09 12:53:00.764803
71291.21,2026-01-09 12:56:00.711907
71291.21,2026-01-09 12:59:00.922887
71401.21,2026-01-09 13:02:03.059823
71284.21,2026-01-09 13:05:00.980731
71315.21,2026-01-09 13:08:00.751328
71393.21,2026-01-09 13:22:01.997077
71361.21,2026-01-09 13:25:01.416033
72258.21,2026-01-09 15:06:03.844998
72258.21,2026-01-09 19:36:02.047739
72258.21,2026-01-09 19:58:36.845294
72258.21,2026-01-09 20:01:40.190504
72258.21,2026-01-09 20:04:38.012342
72258.21,2026-01-09 20:07:36.991592
72258.21,2026-01-09 20:08:55.435788
72258.21,2026-01-09 20:11:57.720022
72258.21,2026-01-09 20:14:56.094061
72258.21,2026-01-09 20:21:32.239310
72258.21,2026-01-09 20:24:35.534141
72258.21,2026-01-09 20:24:37.226726
72258.21,2026-01-09 20:27:01.056221
72258.21,2026-01-09 20:28:55.968524
72258.21,2026-01-09 20:29:57.625737
72258.21,2026-01-09 20:32:56.022575
72258.21,2026-01-09 20:32:57.151437
72258.21,2026-01-09 20:35:56.542417
72258.21,2026-01-09 20:38:57.270565
72258.21,2026-01-09 20:39:50.088738
71162.21,2026-01-12 09:51:52.124121
71162.21,2026-01-12 09:54:17.487669
71162.21,2026-01-12 09:56:36.044909
71162.21,2026-01-12 10:00:32.026505
71162.21,2026-01-12 10:03:32.669270
71162.21,2026-01-12 10:05:52.211319
72614.21,2026-01-12 10:08:03.375851
72689.21,2026-01-12 10:10:28.006803
72751.21,2026-01-12 10:13:27.390013
72730.21,2026-01-12 10:16:27.455174
72629.21,2026-01-12 10:19:27.540107
72649.21,2026-01-12 10:22:27.447520
72583.21,2026-01-12 10:25:27.629467
72544.21,2026-01-12 10:28:28.836933
72571.21,2026-01-12 10:31:58.720514
72675.21,2026-01-12 10:34:59.211919
72705.21,2026-01-12 10:37:27.618819
72683.21,2026-01-12 10:40:59.353547
72728.21,2026-01-12 10:43:58.271977
72796.21,2026-01-12 10:46:58.461197
72813.21,2026-01-12 10:50:02.776793
72797.21,2026-01-12 10:53:01.322581
72763.21,2026-01-12 10:55:58.617653
72753.21,2026-01-12 10:58:59.747207
72784.21,2026-01-12 11:02:58.744450
72801.21,2026-01-12 11:05:58.944056
72851.21,2026-01-12 11:08:58.850335
72857.21,2026-01-12 11:11:58.746363
72931.21,2026-01-12 11:14:58.787562
72895.21,2026-01-12 11:17:59.241780
72900.21,2026-01-12 11:20:58.945155
72925.21,2026-01-12 11:24:00.302988
72967.21,2026-01-12 11:26:58.932975
73010.21,2026-01-12 11:29:59.108269
73002.21,2026-01-12 11:32:59.046967
73005.21,2026-01-12 13:00:39.241690
72994.21,2026-01-12 13:02:46.946617
73055.21,2026-01-12 13:05:46.223039
73002.21,2026-01-12 13:08:45.770081
72882.21,2026-01-12 13:11:45.445675
72762.21,2026-01-12 13:14:45.726960
72643.21,2026-01-12 13:17:45.842514
72763.21,2026-01-12 13:20:46.870210
72777.21,2026-01-12 13:23:58.796970
72780.21,2026-01-12 13:26:58.655507
72895.21,2026-01-12 13:29:58.591529
72898.21,2026-01-12 13:32:59.030461
72859.21,2026-01-12 13:35:58.924302
72795.21,2026-01-12 13:39:01.127105
72797.21,2026-01-12 13:41:58.907145
72754.21,2026-01-12 13:44:58.673252
72848.21,2026-01-12 13:48:00.493300
72855.21,2026-01-12 13:50:58.976337
72901.21,2026-01-12 13:54:01.021428
72985.21,2026-01-12 13:56:58.562671
73117.21,2026-01-12 13:59:58.990306
73115.21,2026-01-12 14:02:58.608812
73133.21,2026-01-12 14:05:58.523467
73112.21,2026-01-12 14:08:58.827135
73067.21,2026-01-12 14:11:58.684727
73161.21,2026-01-12 14:14:58.826888
73268.21,2026-01-12 14:17:58.581038
73224.21,2026-01-12 14:20:59.077076
73262.21,2026-01-12 14:23:59.106293
73204.21,2026-01-12 14:26:58.741018
73189.21,2026-01-12 14:30:01.168584
73232.21,2026-01-12 14:33:00.541552
73027.21,2026-01-12 14:35:59.184077
73108.21,2026-01-12 14:38:59.451695
73166.21,2026-01-12 14:41:58.860933
73159.21,2026-01-12 14:44:58.824236
73205.21,2026-01-12 14:47:58.961774
73213.21,2026-01-12 14:50:58.838250
73187.21,2026-01-12 14:53:59.008433
73210.21,2026-01-12 14:56:59.002762
73240.21,2026-01-12 14:59:58.967721
73306.21,2026-01-13 09:05:42.035965
73306.21,2026-01-13 09:08:36.336930
73690.21,2026-01-13 09:31:26.325227
73270.21,2026-01-13 09:34:24.583424
72814.21,2026-01-13 09:37:25.061043
72995.21,2026-01-13 09:40:25.965305
73179.21,2026-01-13 09:43:25.388795
73440.21,2026-01-13 09:46:26.986468
73369.21,2026-01-13 09:49:25.895939
73181.21,2026-01-13 09:52:27.014415
73511.21,2026-01-13 09:55:27.338455
73621.21,2026-01-13 09:58:26.875036
73725.21,2026-01-13 10:01:27.177507
73893.21,2026-01-13 10:04:27.311710
73798.21,2026-01-13 10:07:27.396330
73803.21,2026-01-13 10:10:27.020645
73840.21,2026-01-13 10:13:28.182834
73662.21,2026-01-13 10:16:26.676932
73527.21,2026-01-13 10:19:26.941723
73451.21,2026-01-13 10:22:26.252403
73468.21,2026-01-13 10:25:26.899780
73699.21,2026-01-13 10:28:28.195163
73541.21,2026-01-13 10:31:27.319719
73599.21,2026-01-13 10:34:27.152553
73658.21,2026-01-13 10:37:27.534907
73699.21,2026-01-13 10:40:27.106797
73761.21,2026-01-13 10:43:27.331060
73690.21,2026-01-13 10:46:26.742875
73612.21,2026-01-13 10:49:26.586394
73608.21,2026-01-13 10:52:30.116496
73492.21,2026-01-13 10:55:26.536757
73509.21,2026-01-13 10:58:27.241886
73554.21,2026-01-13 11:01:27.251648
73584.21,2026-01-13 11:04:26.883568
73586.21,2026-01-13 11:07:26.550069
73605.21,2026-01-13 11:10:27.131151
73663.21,2026-01-13 11:13:26.830665
73694.21,2026-01-13 11:16:28.825680
73713.21,2026-01-13 11:19:27.274177
73542.21,2026-01-13 11:22:25.324891
73423.21,2026-01-13 11:25:27.245778
73503.21,2026-01-13 11:28:27.113553
73644.21,2026-01-13 13:01:30.063368
73574.21,2026-01-13 13:04:30.630826
73495.21,2026-01-13 13:07:31.343350
73418.21,2026-01-13 13:10:31.426813
73350.21,2026-01-13 13:13:30.481551
73228.21,2026-01-13 13:16:30.658363
73256.21,2026-01-13 13:19:30.520873
73153.21,2026-01-13 13:22:31.328563
73092.21,2026-01-13 13:25:31.882458
73079.21,2026-01-13 13:28:31.430127
73189.21,2026-01-13 13:31:30.993124
73060.21,2026-01-13 13:34:30.497775
73104.21,2026-01-13 13:37:27.508951
73253.21,2026-01-13 13:40:26.385778
73268.21,2026-01-13 13:43:26.857644
73296.21,2026-01-13 13:46:27.054271
73328.21,2026-01-13 13:49:27.253262
73382.21,2026-01-13 13:52:28.805697
73406.21,2026-01-13 13:55:26.883736
73398.21,2026-01-13 13:58:27.402726
73370.21,2026-01-13 14:01:27.213648
73271.21,2026-01-13 14:04:30.607617
73268.21,2026-01-13 14:07:30.299238
73158.21,2026-01-13 14:10:32.457129
73095.21,2026-01-13 14:13:31.587107
73078.21,2026-01-13 14:16:30.971884
73101.21,2026-01-13 14:19:32.323135
73140.21,2026-01-13 14:22:31.099768
73156.21,2026-01-13 14:25:30.630404
73065.21,2026-01-13 14:28:31.382811
72956.21,2026-01-13 14:31:30.132329
72961.21,2026-01-13 14:34:30.376775
72893.21,2026-01-13 14:37:30.536615
72796.21,2026-01-13 14:40:31.672440
72752.21,2026-01-13 14:43:30.219453
72658.21,2026-01-13 14:46:31.432545
72625.21,2026-01-13 14:49:30.145083
72706.21,2026-01-13 14:52:29.584929
72711.21,2026-01-13 14:55:30.505922
72694.21,2026-01-13 14:58:30.099927
73476.21,2026-01-14 09:31:50.678877
73553.21,2026-01-14 09:34:45.255035
73560.21,2026-01-14 09:37:45.619994
73980.21,2026-01-14 09:40:46.111703
74128.21,2026-01-14 09:43:47.417540
74156.21,2026-01-14 09:47:26.790229
74014.21,2026-01-14 09:50:27.140103
74209.21,2026-01-14 09:52:47.956656
73916.21,2026-01-14 09:56:27.132993
74221.21,2026-01-14 09:59:27.326943
74242.21,2026-01-14 10:02:27.551947
74366.21,2026-01-14 10:05:28.073241
74394.21,2026-01-14 10:08:27.764751
74432.21,2026-01-14 10:11:27.476930
74432.21,2026-01-14 10:14:27.816446
74388.21,2026-01-14 10:17:27.156807
74359.21,2026-01-14 10:20:27.122801
74267.21,2026-01-14 10:23:27.940186
74462.21,2026-01-14 10:26:29.240122
74492.21,2026-01-14 10:29:27.480767
74530.21,2026-01-14 10:32:29.055209
74622.21,2026-01-14 10:35:28.526453
74761.21,2026-01-14 10:38:27.656451
74879.21,2026-01-14 10:41:28.316147
74961.21,2026-01-14 10:44:27.374527
74871.21,2026-01-14 10:46:47.663576
74933.21,2026-01-14 10:49:46.872541
74824.21,2026-01-14 10:53:27.844326
74800.21,2026-01-14 10:56:28.255945
74789.21,2026-01-14 10:59:28.039589
74963.21,2026-01-14 11:02:27.501220
74944.21,2026-01-14 11:05:27.193048
75005.21,2026-01-14 11:08:27.051747
74912.21,2026-01-14 11:10:50.348827
74796.21,2026-01-14 11:13:46.515538
74814.21,2026-01-14 11:16:46.775357
74836.21,2026-01-14 11:19:47.073333
74787.21,2026-01-14 11:22:47.238691
74662.21,2026-01-14 11:25:47.156043
74739.21,2026-01-14 11:28:46.912651
74341.21,2026-01-14 13:01:47.762433
74329.21,2026-01-14 13:04:47.665077
74095.21,2026-01-14 13:07:47.145376
73960.21,2026-01-14 13:10:47.901259
73913.21,2026-01-14 13:13:47.153649
73623.21,2026-01-14 13:16:48.054540
73827.21,2026-01-14 13:19:48.288553
73785.21,2026-01-14 13:22:47.546400
73732.21,2026-01-14 13:25:47.165495
73788.21,2026-01-14 13:28:47.275420
73918.21,2026-01-14 13:31:47.024232
73718.21,2026-01-14 13:34:47.734097
73820.21,2026-01-14 13:37:47.044973
73662.21,2026-01-14 13:40:47.724946
73669.21,2026-01-14 13:43:47.047429
73600.21,2026-01-14 13:46:47.112966
73518.21,2026-01-14 13:49:47.244187
73514.21,2026-01-14 13:52:47.605905
73387.21,2026-01-14 13:56:27.617550
73185.21,2026-01-14 13:59:27.882985
73230.21,2026-01-14 14:02:28.659312
73240.21,2026-01-14 14:05:27.180563
73038.21,2026-01-14 14:08:27.621789
73307.21,2026-01-14 14:10:47.372301
73513.21,2026-01-14 14:13:47.610058
73686.21,2026-01-14 14:16:46.913038
73778.21,2026-01-14 14:19:47.229772
73699.21,2026-01-14 14:22:47.495220
73806.21,2026-01-14 14:25:47.113671
73848.21,2026-01-14 14:28:47.505607
73801.21,2026-01-14 14:31:47.879721
73684.21,2026-01-14 14:34:48.754800
73610.21,2026-01-14 14:37:47.282996
73541.21,2026-01-14 14:40:48.194220
73561.21,2026-01-14 14:43:47.481301
73577.21,2026-01-14 14:46:46.901908
73550.21,2026-01-14 14:49:47.411438
73619.21,2026-01-14 14:52:47.717809
73604.21,2026-01-14 14:55:48.048255
73640.21,2026-01-14 14:58:46.934648
73079.21,2026-01-15 09:30:16.869312
73476.21,2026-01-15 09:33:11.140429
73309.21,2026-01-15 09:36:11.806141
73150.21,2026-01-15 09:39:11.749437
73472.21,2026-01-15 09:42:12.365055
73266.21,2026-01-15 09:45:13.499695
73198.21,2026-01-15 09:48:22.976228
73226.21,2026-01-15 09:51:23.055989
73156.21,2026-01-15 09:54:23.820449
73347.21,2026-01-15 09:57:15.151900
73281.21,2026-01-15 10:00:13.553939
73112.21,2026-01-15 10:03:13.606205
72939.21,2026-01-15 10:06:12.989922
72881.21,2026-01-15 10:09:13.078343
72729.21,2026-01-15 10:12:13.435993
72779.21,2026-01-15 10:15:13.573345
72875.21,2026-01-15 10:18:23.906276
72784.21,2026-01-15 10:21:25.165738
72659.21,2026-01-15 10:24:24.084060
72623.21,2026-01-15 10:27:14.474624
72613.21,2026-01-15 10:30:13.853675
72599.21,2026-01-15 10:33:23.736270
72607.21,2026-01-15 10:36:24.666391
72651.21,2026-01-15 10:39:24.080405
72654.21,2026-01-15 10:42:23.920347
72489.21,2026-01-15 10:45:24.358800
72494.21,2026-01-15 10:48:24.127171
72605.21,2026-01-15 10:51:22.819700
72673.21,2026-01-15 10:54:24.693518
72605.21,2026-01-15 10:57:14.797749
72514.21,2026-01-15 11:00:24.094267
72458.21,2026-01-15 11:03:23.935193
72598.21,2026-01-15 11:06:24.605715
72493.21,2026-01-15 11:09:24.451496
72483.21,2026-01-15 11:12:23.848229
72465.21,2026-01-15 11:15:26.685358
72450.21,2026-01-15 11:18:24.469013
72429.21,2026-01-15 11:21:25.070834
72367.21,2026-01-15 11:24:24.226917
72308.21,2026-01-15 11:27:24.310837
72518.21,2026-01-15 13:20:29.793696
72518.21,2026-01-15 13:20:31.716786
72501.21,2026-01-15 13:20:53.640476
72509.21,2026-01-15 13:21:23.062380
72570.21,2026-01-15 13:23:54.669179
72598.21,2026-01-15 13:24:26.975258
72615.21,2026-01-15 13:26:54.602394
72629.21,2026-01-15 13:27:25.938778
72705.21,2026-01-15 13:29:55.776816
72669.21,2026-01-15 13:30:24.997146
72635.21,2026-01-15 13:32:55.571647
72586.21,2026-01-15 13:33:27.988196
72525.21,2026-01-15 13:35:55.741106
72550.21,2026-01-15 13:36:27.342407
72547.21,2026-01-15 13:38:54.931563
72538.21,2026-01-15 13:39:27.503365
72517.21,2026-01-15 13:41:55.586579
72516.21,2026-01-15 13:43:27.032929
72530.21,2026-01-15 13:44:54.647427
72616.21,2026-01-15 13:46:39.809444
72837.21,2026-01-15 13:47:55.416005
72838.21,2026-01-15 13:49:28.995821
72832.21,2026-01-15 13:50:56.229295
72827.21,2026-01-15 13:52:25.306192
72832.21,2026-01-15 13:53:57.116175
72788.21,2026-01-15 13:55:24.827113
72736.21,2026-01-15 13:56:55.209714
72758.21,2026-01-15 13:58:25.877903
72717.21,2026-01-15 13:59:55.264500
72612.21,2026-01-15 14:01:36.197745
72656.21,2026-01-15 14:02:54.440235
72598.21,2026-01-15 14:04:26.133231
72645.21,2026-01-15 14:05:54.605444
72706.21,2026-01-15 14:07:28.617145
72612.21,2026-01-15 14:08:54.995854
72563.21,2026-01-15 14:10:26.966718
72566.21,2026-01-15 14:11:55.542071
72585.21,2026-01-15 14:13:26.752175
72583.21,2026-01-15 14:14:55.105433
72593.21,2026-01-15 14:16:26.633151
72548.21,2026-01-15 14:17:55.545417
72554.21,2026-01-15 14:19:27.794277
72537.21,2026-01-15 14:20:56.262798
72568.21,2026-01-15 14:22:25.556972
72596.21,2026-01-15 14:23:55.604850
72648.21,2026-01-15 14:25:26.992084
72744.21,2026-01-15 14:26:54.990410
72767.21,2026-01-15 14:28:25.818415
72700.21,2026-01-15 14:29:56.987589
72764.21,2026-01-15 14:30:27.086828
72648.21,2026-01-15 14:33:27.342924
72623.21,2026-01-15 14:34:25.678041
72610.21,2026-01-15 14:36:25.336999
72587.21,2026-01-15 14:37:26.009563
72605.21,2026-01-15 14:39:27.379412
72619.21,2026-01-15 14:40:26.277109
72663.21,2026-01-15 14:42:26.163648
72623.21,2026-01-15 14:43:26.923099
72654.21,2026-01-15 14:45:26.366422
72677.21,2026-01-15 14:46:26.684122
72663.21,2026-01-15 14:48:26.091004
72724.21,2026-01-15 14:49:26.548823
72689.21,2026-01-15 14:51:24.864450
72725.21,2026-01-15 14:52:27.148460
72730.21,2026-01-15 14:54:25.089095
72730.21,2026-01-15 14:55:26.295171
72802.21,2026-01-15 14:57:24.377873
72802.21,2026-01-15 14:58:24.806431
72963.21,2026-01-16 09:32:36.528001
72782.21,2026-01-16 09:35:28.762088
72435.21,2026-01-16 09:38:29.490792
72426.21,2026-01-16 09:41:29.820801
72301.21,2026-01-16 09:44:30.300898
72136.21,2026-01-16 09:47:30.891331
72096.21,2026-01-16 09:50:32.197582
72321.21,2026-01-16 09:54:12.707554
72263.21,2026-01-16 09:56:30.402266
72108.21,2026-01-16 09:59:32.361252
72050.21,2026-01-16 10:02:31.428103
72091.21,2026-01-16 10:05:31.263880
71994.21,2026-01-16 10:08:34.298644
71903.21,2026-01-16 10:11:31.629313
72074.21,2026-01-16 10:14:31.537973
72151.21,2026-01-16 10:17:31.262530
71964.21,2026-01-16 10:20:32.456732
71839.21,2026-01-16 10:23:32.732260
71707.21,2026-01-16 10:26:31.696716
71646.21,2026-01-16 10:29:31.845921
71679.21,2026-01-16 10:32:31.868874
71782.21,2026-01-16 10:35:30.854878
71868.21,2026-01-16 10:38:30.986149
71898.21,2026-01-16 10:41:32.829889
71840.21,2026-01-16 10:44:31.001684
71696.21,2026-01-16 10:47:31.114099
71716.21,2026-01-16 10:50:31.474118
71632.21,2026-01-16 10:53:34.613736
71663.21,2026-01-16 10:56:30.705110
71637.21,2026-01-16 10:59:31.248302
71900.21,2026-01-16 11:02:30.878694
72015.21,2026-01-16 11:05:31.586677
71990.21,2026-01-16 11:08:33.570913
71958.21,2026-01-16 11:11:35.024902
71813.21,2026-01-16 11:14:32.074319
71782.21,2026-01-16 11:17:30.725406
71787.21,2026-01-16 11:20:31.060280
71834.21,2026-01-16 11:23:32.006860
71892.21,2026-01-16 11:26:32.037357
71834.21,2026-01-16 11:29:32.883671
71792.21,2026-01-16 11:32:01.399724
71792.21,2026-01-16 11:42:42.271214
71792.21,2026-01-16 11:42:43.578303
71871.21,2026-01-16 13:00:51.209330
71888.21,2026-01-16 13:01:12.338255
71813.21,2026-01-16 13:03:52.355826
71843.21,2026-01-16 13:04:12.885646
71840.21,2026-01-16 13:06:53.729752
71830.21,2026-01-16 13:07:13.625075
71953.21,2026-01-16 13:09:53.303544
71897.21,2026-01-16 13:10:14.025876
71927.21,2026-01-16 13:12:53.115002
71880.21,2026-01-16 13:14:13.753736
71866.21,2026-01-16 13:15:53.627836
71869.21,2026-01-16 13:17:13.826705
71861.21,2026-01-16 13:18:53.342757
71875.21,2026-01-16 13:20:15.366073
71818.21,2026-01-16 13:21:57.019711
71848.21,2026-01-16 13:23:13.975144
71927.21,2026-01-16 13:24:53.727706
71994.21,2026-01-16 13:26:14.354804
72049.21,2026-01-16 13:27:52.200128
72002.21,2026-01-16 13:29:14.228366
71991.21,2026-01-16 13:30:56.655496
72033.21,2026-01-16 13:32:13.303435
71986.21,2026-01-16 13:34:01.216006
72108.21,2026-01-16 13:35:13.331742
72099.21,2026-01-16 13:36:53.352832
72107.21,2026-01-16 13:38:13.947148
72140.21,2026-01-16 13:39:54.451853
72217.21,2026-01-16 13:41:15.051483
72181.21,2026-01-16 13:42:52.895771
72214.21,2026-01-16 13:44:14.062330
72225.21,2026-01-16 13:45:52.985664
72217.21,2026-01-16 13:47:13.936847
72248.21,2026-01-16 13:48:53.699896
72275.21,2026-01-16 13:50:14.460818
72123.21,2026-01-16 13:51:52.801571
72085.21,2026-01-16 13:53:14.132916
72124.21,2026-01-16 13:55:02.128912
72086.21,2026-01-16 13:56:14.545503
72044.21,2026-01-16 13:57:53.124107
72089.21,2026-01-16 13:59:13.800306
72075.21,2026-01-16 14:00:55.351122
72086.21,2026-01-16 14:02:15.591759
72039.21,2026-01-16 14:03:52.805537
72077.21,2026-01-16 14:05:14.657501
72055.21,2026-01-16 14:06:52.998155
72063.21,2026-01-16 14:08:13.822161
72066.21,2026-01-16 14:09:52.238726
71958.21,2026-01-16 14:11:14.631919
71980.21,2026-01-16 14:12:52.424447
72002.21,2026-01-16 14:14:13.676493
71974.21,2026-01-16 14:15:53.239588
71944.21,2026-01-16 14:17:14.247348
71878.21,2026-01-16 14:18:53.433913
71950.21,2026-01-16 14:20:14.782740
71916.21,2026-01-16 14:21:52.910238
71887.21,2026-01-16 14:23:14.295263
71911.21,2026-01-16 14:24:52.677235
71906.21,2026-01-16 14:26:15.118123
71944.21,2026-01-16 14:27:53.245160
71969.21,2026-01-16 14:29:14.758429
71920.21,2026-01-16 14:30:53.884871
71909.21,2026-01-16 14:32:19.151529
71920.21,2026-01-16 14:33:52.508782
71967.21,2026-01-16 14:35:15.676417
71969.21,2026-01-16 14:36:53.230248
71911.21,2026-01-16 14:38:15.696970
71895.21,2026-01-16 14:39:54.974052
71837.21,2026-01-16 14:41:13.683587
71833.21,2026-01-16 14:42:54.433819
71817.21,2026-01-16 14:44:14.203881
71818.21,2026-01-16 14:45:52.290304
71861.21,2026-01-16 14:47:13.993824
71845.21,2026-01-16 14:48:53.388275
71806.21,2026-01-16 14:50:13.770477
71815.21,2026-01-16 14:51:52.158615
71796.21,2026-01-16 14:53:14.783221
71752.21,2026-01-16 14:54:53.030328
71799.21,2026-01-16 14:56:14.024426
71765.21,2026-01-16 14:57:53.016841
71765.21,2026-01-16 14:59:15.532272
71797.21,2026-01-19 09:30:20.185338
71592.21,2026-01-19 09:33:13.107658
71419.21,2026-01-19 09:36:12.710784
71381.21,2026-01-19 09:39:14.351376
71702.21,2026-01-19 09:42:13.233101
71634.21,2026-01-19 09:45:14.430781
71702.21,2026-01-19 09:48:17.035809
71695.21,2026-01-19 09:51:42.540860
71912.21,2026-01-19 09:54:42.057972
71881.21,2026-01-19 09:57:42.892534
71969.21,2026-01-19 10:00:42.143753
71884.21,2026-01-19 10:03:42.134113
71795.21,2026-01-19 10:06:43.232382
71857.21,2026-01-19 10:09:41.656670
71865.21,2026-01-19 10:12:41.678807
71909.21,2026-01-19 10:15:41.772345
71855.21,2026-01-19 10:18:46.611621
71827.21,2026-01-19 10:21:42.379475
71848.21,2026-01-19 10:24:43.120335
71829.21,2026-01-19 10:27:42.507498
71760.21,2026-01-19 10:30:41.886438
71715.21,2026-01-19 10:33:44.599509
71666.21,2026-01-19 10:36:43.766536
71688.21,2026-01-19 10:39:42.247182
71603.21,2026-01-19 10:42:44.116667
71646.21,2026-01-19 10:45:42.309208
71697.21,2026-01-19 10:48:41.786610
71694.21,2026-01-19 10:51:41.550767
71691.21,2026-01-19 10:54:43.336470
71705.21,2026-01-19 10:57:42.420667
71670.21,2026-01-19 11:00:43.235743
71756.21,2026-01-19 11:03:41.781226
71761.21,2026-01-19 11:06:41.311894
71765.21,2026-01-19 11:09:42.316416
71749.21,2026-01-19 11:12:42.825116
71832.21,2026-01-19 11:15:42.448446
71870.21,2026-01-19 11:18:42.806524
71782.21,2026-01-19 11:21:42.818483
71724.21,2026-01-19 11:24:42.930541
71721.21,2026-01-19 11:27:42.880935
71983.21,2026-01-19 13:00:43.683761
71966.21,2026-01-19 13:03:41.853589
71955.21,2026-01-19 13:06:42.114652
71941.21,2026-01-19 13:09:14.920729
71859.21,2026-01-19 13:12:14.190866
71921.21,2026-01-19 13:15:17.920192
71869.21,2026-01-19 13:18:44.618978
71917.21,2026-01-19 13:21:41.959937
71818.21,2026-01-19 13:24:43.776755
71852.21,2026-01-19 13:27:42.992270
71866.21,2026-01-19 13:30:42.199154
71896.21,2026-01-19 13:33:42.667589
71802.21,2026-01-19 13:36:42.397527
71783.21,2026-01-19 13:39:41.813825
71771.21,2026-01-19 13:42:42.644887
71752.21,2026-01-19 13:45:42.880602
71757.21,2026-01-19 13:48:43.178176
71713.21,2026-01-19 13:51:43.318471
71634.21,2026-01-19 13:54:42.511669
71656.21,2026-01-19 13:57:41.908313
71573.21,2026-01-19 14:00:42.395142
71636.21,2026-01-19 14:03:41.523657
71708.21,2026-01-19 14:06:42.287294
71740.21,2026-01-19 14:09:42.038994
71759.21,2026-01-19 14:12:43.140341
71771.21,2026-01-19 14:15:43.767652
71790.21,2026-01-19 14:18:44.891415
71766.21,2026-01-19 14:21:43.257832
71744.21,2026-01-19 14:24:41.807293
71738.21,2026-01-19 14:27:42.005619
71732.21,2026-01-19 14:30:41.887856
71727.21,2026-01-19 14:33:42.609346
71704.21,2026-01-19 14:36:43.037523
71675.21,2026-01-19 14:39:43.211454
71718.21,2026-01-19 14:42:41.947474
71735.21,2026-01-19 14:45:43.096886
71785.21,2026-01-19 14:48:44.611799
71760.21,2026-01-19 14:51:41.682829
71779.21,2026-01-19 14:54:42.613302
71782.21,2026-01-19 14:57:41.779641
72378.21,2026-01-20 09:31:24.697423
72666.21,2026-01-20 09:34:18.688221
72296.21,2026-01-20 09:37:19.461438
72155.21,2026-01-20 09:40:19.649649
72078.21,2026-01-20 09:43:22.121802
72098.21,2026-01-20 09:46:21.828079
72261.21,2026-01-20 09:49:48.305309
72212.21,2026-01-20 09:52:50.305050
72124.21,2026-01-20 09:55:49.520601
72146.21,2026-01-20 09:58:48.875080
71948.21,2026-01-20 10:01:49.013578
72133.21,2026-01-20 10:04:49.634289
72123.21,2026-01-20 10:07:49.785350
71987.21,2026-01-20 10:10:49.078648
71962.21,2026-01-20 10:13:50.952370
71829.21,2026-01-20 10:16:49.394612
71730.21,2026-01-20 10:19:49.143318
71639.21,2026-01-20 10:22:52.613563
71548.21,2026-01-20 10:25:50.445042
71555.21,2026-01-20 10:28:51.124922
71596.21,2026-01-20 10:31:51.599429
71762.21,2026-01-20 10:34:32.485298
71797.21,2026-01-20 10:37:19.996593
71792.21,2026-01-20 10:40:21.667407
71792.21,2026-01-20 10:43:49.277904
71779.21,2026-01-20 10:46:49.136079
71781.21,2026-01-20 10:49:49.314087
71746.21,2026-01-20 10:52:49.766254
71785.21,2026-01-20 10:55:48.990730
71654.21,2026-01-20 10:58:49.370784
71618.21,2026-01-20 11:01:50.590027
71695.21,2026-01-20 11:04:49.245771
71513.21,2026-01-20 11:07:52.205525
71510.21,2026-01-20 11:10:48.945214
71643.21,2026-01-20 11:13:52.723091
71632.21,2026-01-20 11:16:49.514382
71668.21,2026-01-20 11:19:49.174638
71712.21,2026-01-20 11:22:49.153738
71579.21,2026-01-20 11:25:51.182332
71532.21,2026-01-20 11:28:49.809408
71418.21,2026-01-20 13:03:15.532981
71372.21,2026-01-20 13:05:58.220027
71295.21,2026-01-20 13:09:49.135661
71309.21,2026-01-20 13:12:00.461403
71361.21,2026-01-20 13:15:01.068894
71336.21,2026-01-20 13:18:01.516631
71324.21,2026-01-20 13:21:04.875051
71341.21,2026-01-20 13:23:59.495549
71426.21,2026-01-20 13:27:04.183024
71441.21,2026-01-20 13:29:59.719842
71321.21,2026-01-20 13:33:01.488552
71267.21,2026-01-20 13:35:59.812309
71226.21,2026-01-20 13:38:59.906538
71318.21,2026-01-20 13:43:00.649565
71320.21,2026-01-20 13:46:00.608532
71370.21,2026-01-20 13:49:02.551158
71485.21,2026-01-20 13:52:00.536190
71430.21,2026-01-20 13:55:10.054947
71440.21,2026-01-20 13:58:00.411696
71246.21,2026-01-20 14:01:00.332597
71232.21,2026-01-20 14:04:00.940052
71287.21,2026-01-20 14:07:00.334690
71298.21,2026-01-20 14:10:03.112928
71295.21,2026-01-20 14:13:03.262955
71254.21,2026-01-20 14:16:00.728060
71240.21,2026-01-20 14:19:00.319948
71279.21,2026-01-20 14:22:00.256416
71268.21,2026-01-20 14:24:59.993073
71224.21,2026-01-20 14:28:00.444540
71180.21,2026-01-20 14:31:00.712173
71072.21,2026-01-20 14:34:00.367127
71075.21,2026-01-20 14:37:01.653403
71136.21,2026-01-20 14:40:00.116232
71146.21,2026-01-20 14:43:00.465813
71268.21,2026-01-20 14:46:01.197805
71337.21,2026-01-20 14:49:00.133663
71299.21,2026-01-20 14:52:02.427550
71363.21,2026-01-20 14:55:00.486993
71423.21,2026-01-20 14:58:01.116767
